DATE,NAME,TMAX,TMIN,TAVG,PRCP,AWND,SNOW
2022-01-01,"NY CITY CENTRAL PARK, NY US",56.0,50.0,53.0,0.79,3.13,0.0
2022-01-02,"NY CITY CENTRAL PARK, NY US",59.0,37.0,48.0,0.04,5.82,0.0
2022-01-03,"NY CITY CENTRAL PARK, NY US",37.0,22.0,29.5,0.0,9.84,0.0
2022-01-04,"NY CITY CENTRAL PARK, NY US",34.0,19.0,26.5,0.0,6.04,0.0
2022-01-05,"NY CITY CENTRAL PARK, NY US",47.0,31.0,39.0,0.23,5.59,0.0
2022-01-06,"NY CITY CENTRAL PARK, NY US",41.0,34.0,37.5,0.0,6.49,0.0
2022-01-07,"NY CITY CENTRAL PARK, NY US",34.0,25.0,29.5,0.38,8.72,5.8
2022-01-08,"NY CITY CENTRAL PARK, NY US",30.0,20.0,25.0,0.0,6.04,0.0
2022-01-09,"NY CITY CENTRAL PARK, NY US",40.0,29.0,34.5,0.1,8.5,0.0
2022-01-10,"NY CITY CENTRAL PARK, NY US",40.0,24.0,32.0,0.0,8.5,0.0
2022-01-11,"NY CITY CENTRAL PARK, NY US",24.0,15.0,19.5,0.0,7.38,0.0
2022-01-12,"NY CITY CENTRAL PARK, NY US",40.0,20.0,30.0,0.0,6.04,0.0
2022-01-13,"NY CITY CENTRAL PARK, NY US",48.0,34.0,41.0,0.0,3.13,0.0
2022-01-14,"NY CITY CENTRAL PARK, NY US",43.0,21.0,32.0,0.0,8.28,0.0
2022-01-15,"NY CITY CENTRAL PARK, NY US",21.0,10.0,15.5,0.0,7.16,0.0
2022-01-16,"NY CITY CENTRAL PARK, NY US",37.0,10.0,23.5,0.37,8.5,0.8
2022-01-17,"NY CITY CENTRAL PARK, NY US",44.0,34.0,39.0,1.16,10.07,0.0
2022-01-18,"NY CITY CENTRAL PARK, NY US",36.0,29.0,32.5,0.0,9.17,0.0
2022-01-19,"NY CITY CENTRAL PARK, NY US",49.0,28.0,38.5,0.0,6.71,0.0
2022-01-20,"NY CITY CENTRAL PARK, NY US",46.0,22.0,34.0,0.3,6.71,0.0
2022-01-21,"NY CITY CENTRAL PARK, NY US",22.0,14.0,18.0,0.0,7.83,0.0
2022-01-22,"NY CITY CENTRAL PARK, NY US",29.0,13.0,21.0,0.0,5.59,0.0
2022-01-23,"NY CITY CENTRAL PARK, NY US",37.0,24.0,30.5,0.02,5.37,0.2
2022-01-24,"NY CITY CENTRAL PARK, NY US",36.0,26.0,31.0,0.0,4.25,0.0
2022-01-25,"NY CITY CENTRAL PARK, NY US",42.0,28.0,35.0,0.0,5.82,0.0
2022-01-26,"NY CITY CENTRAL PARK, NY US",28.0,20.0,24.0,0.0,6.26,0.0
2022-01-27,"NY CITY CENTRAL PARK, NY US",32.0,17.0,24.5,0.0,5.37,0.0
2022-01-28,"NY CITY CENTRAL PARK, NY US",32.0,29.0,30.5,0.13,4.7,1.2
2022-01-29,"NY CITY CENTRAL PARK, NY US",29.0,12.0,20.5,0.77,12.53,7.3
2022-01-30,"NY CITY CENTRAL PARK, NY US",26.0,12.0,19.0,0.0,6.93,0.0
2022-01-31,"NY CITY CENTRAL PARK, NY US",31.0,21.0,26.0,0.0,3.8,0.0
2022-02-01,"NY CITY CENTRAL PARK, NY US",36.0,23.0,29.5,0.0,5.14,0.0
2022-02-02,"NY CITY CENTRAL PARK, NY US",47.0,32.0,39.5,0.0,2.91,0.0
2022-02-03,"NY CITY CENTRAL PARK, NY US",52.0,42.0,47.0,0.42,3.8,0.0
2022-02-04,"NY CITY CENTRAL PARK, NY US",57.0,26.0,41.5,0.72,6.71,0.0
2022-02-05,"NY CITY CENTRAL PARK, NY US",27.0,19.0,23.0,0.0,8.72,0.0
2022-02-06,"NY CITY CENTRAL PARK, NY US",30.0,17.0,23.5,0.0,4.7,0.0
2022-02-07,"NY CITY CENTRAL PARK, NY US",37.0,30.0,33.5,0.15,3.58,0.0
2022-02-08,"NY CITY CENTRAL PARK, NY US",45.0,32.0,38.5,0.07,6.71,0.0
2022-02-09,"NY CITY CENTRAL PARK, NY US",46.0,29.0,37.5,0.0,4.03,0.0
2022-02-10,"NY CITY CENTRAL PARK, NY US",54.0,37.0,45.5,0.0,5.14,0.0
2022-02-11,"NY CITY CENTRAL PARK, NY US",57.0,38.0,47.5,0.0,5.14,0.0
2022-02-12,"NY CITY CENTRAL PARK, NY US",59.0,42.0,50.5,0.0,7.61,0.0
2022-02-13,"NY CITY CENTRAL PARK, NY US",42.0,25.0,33.5,0.23,6.71,1.6
2022-02-14,"NY CITY CENTRAL PARK, NY US",25.0,16.0,20.5,0.0,8.72,0.0
2022-02-15,"NY CITY CENTRAL PARK, NY US",30.0,16.0,23.0,0.0,4.92,0.0
2022-02-16,"NY CITY CENTRAL PARK, NY US",49.0,28.0,38.5,0.0,5.82,0.0
2022-02-17,"NY CITY CENTRAL PARK, NY US",68.0,49.0,58.5,0.31,7.38,0.0
2022-02-18,"NY CITY CENTRAL PARK, NY US",63.0,27.0,45.0,0.33,9.62,0.0
2022-02-19,"NY CITY CENTRAL PARK, NY US",40.0,23.0,31.5,0.0,8.28,0.0
2022-02-20,"NY CITY CENTRAL PARK, NY US",36.0,21.0,28.5,0.0,7.61,0.0
2022-02-21,"NY CITY CENTRAL PARK, NY US",55.0,32.0,43.5,0.0,4.47,0.0
2022-02-22,"NY CITY CENTRAL PARK, NY US",61.0,37.0,49.0,0.26,6.04,0.0
2022-02-23,"NY CITY CENTRAL PARK, NY US",68.0,35.0,51.5,0.0,8.28,0.0
2022-02-24,"NY CITY CENTRAL PARK, NY US",35.0,29.0,32.0,0.0,7.61,0.0
2022-02-25,"NY CITY CENTRAL PARK, NY US",41.0,26.0,33.5,0.74,8.28,0.4
2022-02-26,"NY CITY CENTRAL PARK, NY US",37.0,24.0,30.5,0.0,7.16,0.0
2022-02-27,"NY CITY CENTRAL PARK, NY US",48.0,28.0,38.0,0.0,9.62,0.0
2022-02-28,"NY CITY CENTRAL PARK, NY US",36.0,26.0,31.0,0.0,5.82,0.0
2022-03-01,"NY CITY CENTRAL PARK, NY US",48.0,31.0,39.5,0.0,5.82,0.0
2022-03-02,"NY CITY CENTRAL PARK, NY US",52.0,40.0,46.0,0.0,5.37,0.0
2022-03-03,"NY CITY CENTRAL PARK, NY US",48.0,24.0,36.0,0.03,9.62,0.0
2022-03-04,"NY CITY CENTRAL PARK, NY US",37.0,21.0,29.0,0.0,5.37,0.0
2022-03-05,"NY CITY CENTRAL PARK, NY US",46.0,32.0,39.0,0.0,3.58,0.0
2022-03-06,"NY CITY CENTRAL PARK, NY US",68.0,43.0,55.5,0.06,5.37,0.0
2022-03-07,"NY CITY CENTRAL PARK, NY US",74.0,50.0,62.0,0.03,7.38,0.0
2022-03-08,"NY CITY CENTRAL PARK, NY US",50.0,39.0,44.5,0.0,9.17,0.0
2022-03-09,"NY CITY CENTRAL PARK, NY US",41.0,33.0,37.0,0.56,5.82,0.4
2022-03-10,"NY CITY CENTRAL PARK, NY US",51.0,33.0,42.0,0.0,1.79,0.0
2022-03-11,"NY CITY CENTRAL PARK, NY US",55.0,40.0,47.5,0.0,4.47,0.0
2022-03-12,"NY CITY CENTRAL PARK, NY US",48.0,24.0,36.0,0.5,9.84,0.0
2022-03-13,"NY CITY CENTRAL PARK, NY US",35.0,22.0,28.5,0.0,8.95,0.0
2022-03-14,"NY CITY CENTRAL PARK, NY US",56.0,33.0,44.5,0.0,5.59,0.0
2022-03-15,"NY CITY CENTRAL PARK, NY US",68.0,46.0,57.0,0.0,4.92,0.0
2022-03-16,"NY CITY CENTRAL PARK, NY US",67.0,48.0,57.5,0.0,4.47,0.0
2022-03-17,"NY CITY CENTRAL PARK, NY US",53.0,45.0,49.0,0.08,5.59,0.0
2022-03-18,"NY CITY CENTRAL PARK, NY US",74.0,50.0,62.0,0.0,4.92,0.0
2022-03-19,"NY CITY CENTRAL PARK, NY US",70.0,49.0,59.5,0.05,2.68,0.0
2022-03-20,"NY CITY CENTRAL PARK, NY US",61.0,46.0,53.5,0.0,8.05,0.0
2022-03-21,"NY CITY CENTRAL PARK, NY US",62.0,44.0,53.0,0.0,8.05,0.0
2022-03-22,"NY CITY CENTRAL PARK, NY US",58.0,43.0,50.5,0.0,7.38,0.0
2022-03-23,"NY CITY CENTRAL PARK, NY US",49.0,38.0,43.5,0.06,7.61,0.0
2022-03-24,"NY CITY CENTRAL PARK, NY US",47.0,38.0,42.5,0.93,11.41,0.0
2022-03-25,"NY CITY CENTRAL PARK, NY US",60.0,44.0,52.0,0.02,4.25,0.0
2022-03-26,"NY CITY CENTRAL PARK, NY US",53.0,42.0,47.5,0.0,6.04,0.0
2022-03-27,"NY CITY CENTRAL PARK, NY US",46.0,28.0,37.0,0.0,10.51,0.0
2022-03-28,"NY CITY CENTRAL PARK, NY US",33.0,23.0,28.0,0.0,12.3,0.0
2022-03-29,"NY CITY CENTRAL PARK, NY US",38.0,24.0,31.0,0.0,10.51,0.0
2022-03-30,"NY CITY CENTRAL PARK, NY US",47.0,29.0,38.0,0.0,4.7,0.0
2022-03-31,"NY CITY CENTRAL PARK, NY US",66.0,45.0,55.5,0.07,4.92,0.0
2022-04-01,"NY CITY CENTRAL PARK, NY US",61.0,43.0,52.0,0.28,8.72,0.0
2022-04-02,"NY CITY CENTRAL PARK, NY US",54.0,38.0,46.0,0.0,6.26,0.0
2022-04-03,"NY CITY CENTRAL PARK, NY US",48.0,40.0,44.0,0.12,4.03,0.0
2022-04-04,"NY CITY CENTRAL PARK, NY US",54.0,39.0,46.5,0.0,6.71,0.0
2022-04-05,"NY CITY CENTRAL PARK, NY US",57.0,45.0,51.0,0.04,3.36,0.0
2022-04-06,"NY CITY CENTRAL PARK, NY US",53.0,44.0,48.5,0.45,10.74,0.0
2022-04-07,"NY CITY CENTRAL PARK, NY US",54.0,45.0,49.5,1.12,7.38,0.0
2022-04-08,"NY CITY CENTRAL PARK, NY US",65.0,49.0,57.0,0.03,6.71,0.0
2022-04-09,"NY CITY CENTRAL PARK, NY US",55.0,47.0,51.0,0.05,4.92,0.0
2022-04-10,"NY CITY CENTRAL PARK, NY US",50.0,42.0,46.0,0.0,9.62,0.0
2022-04-11,"NY CITY CENTRAL PARK, NY US",61.0,40.0,50.5,0.0,4.92,0.0
2022-04-12,"NY CITY CENTRAL PARK, NY US",72.0,50.0,61.0,0.07,3.8,0.0
2022-04-13,"NY CITY CENTRAL PARK, NY US",71.0,55.0,63.0,0.0,3.8,0.0
2022-04-14,"NY CITY CENTRAL PARK, NY US",79.0,57.0,68.0,0.06,4.7,0.0
2022-04-15,"NY CITY CENTRAL PARK, NY US",70.0,52.0,61.0,0.0,5.82,0.0
2022-04-16,"NY CITY CENTRAL PARK, NY US",73.0,44.0,58.5,0.2,6.26,0.0
2022-04-17,"NY CITY CENTRAL PARK, NY US",51.0,41.0,46.0,0.0,6.93,0.0
2022-04-18,"NY CITY CENTRAL PARK, NY US",54.0,39.0,46.5,0.85,7.61,0.0
2022-04-19,"NY CITY CENTRAL PARK, NY US",50.0,39.0,44.5,1.24,10.51,0.0
2022-04-20,"NY CITY CENTRAL PARK, NY US",60.0,42.0,51.0,0.0,6.26,0.0
2022-04-21,"NY CITY CENTRAL PARK, NY US",59.0,44.0,51.5,0.0,6.04,0.0
2022-04-22,"NY CITY CENTRAL PARK, NY US",70.0,53.0,61.5,0.0,6.26,0.0
2022-04-23,"NY CITY CENTRAL PARK, NY US",65.0,51.0,58.0,0.0,5.14,0.0
2022-04-24,"NY CITY CENTRAL PARK, NY US",63.0,48.0,55.5,0.0,5.37,0.0
2022-04-25,"NY CITY CENTRAL PARK, NY US",58.0,46.0,52.0,0.0,4.92,0.0
2022-04-26,"NY CITY CENTRAL PARK, NY US",60.0,52.0,56.0,0.02,3.36,0.0
2022-04-27,"NY CITY CENTRAL PARK, NY US",58.0,41.0,49.5,0.0,10.51,0.0
2022-04-28,"NY CITY CENTRAL PARK, NY US",58.0,40.0,49.0,0.0,10.29,0.0
2022-04-29,"NY CITY CENTRAL PARK, NY US",63.0,41.0,52.0,0.0,7.83,0.0
2022-04-30,"NY CITY CENTRAL PARK, NY US",68.0,44.0,56.0,0.0,2.91,0.0
2022-05-01,"NY CITY CENTRAL PARK, NY US",69.0,47.0,58.0,0.0,3.13,0.0
2022-05-02,"NY CITY CENTRAL PARK, NY US",56.0,51.0,53.5,0.23,4.7,0.0
2022-05-03,"NY CITY CENTRAL PARK, NY US",62.0,51.0,56.5,0.0,5.82,0.0
2022-05-04,"NY CITY CENTRAL PARK, NY US",65.0,50.0,57.5,0.08,2.46,0.0
2022-05-05,"NY CITY CENTRAL PARK, NY US",74.0,56.0,65.0,0.0,4.25,0.0
2022-05-06,"NY CITY CENTRAL PARK, NY US",61.0,49.0,55.0,0.69,3.58,0.0
2022-05-07,"NY CITY CENTRAL PARK, NY US",50.0,45.0,47.5,0.92,10.96,0.0
2022-05-08,"NY CITY CENTRAL PARK, NY US",58.0,45.0,51.5,0.0,11.18,0.0
2022-05-09,"NY CITY CENTRAL PARK, NY US",70.0,47.0,58.5,0.0,11.41,0.0
2022-05-10,"NY CITY CENTRAL PARK, NY US",73.0,51.0,62.0,0.0,10.07,0.0
2022-05-11,"NY CITY CENTRAL PARK, NY US",75.0,53.0,64.0,0.0,5.59,0.0
2022-05-12,"NY CITY CENTRAL PARK, NY US",75.0,58.0,66.5,0.0,4.92,0.0
2022-05-13,"NY CITY CENTRAL PARK, NY US",72.0,57.0,64.5,0.03,4.25,0.0
2022-05-14,"NY CITY CENTRAL PARK, NY US",72.0,60.0,66.0,0.22,2.91,0.0
2022-05-15,"NY CITY CENTRAL PARK, NY US",76.0,60.0,68.0,0.1,2.24,0.0
2022-05-16,"NY CITY CENTRAL PARK, NY US",75.0,61.0,68.0,0.12,4.92,0.0
2022-05-17,"NY CITY CENTRAL PARK, NY US",77.0,57.0,67.0,0.0,6.93,0.0
2022-05-18,"NY CITY CENTRAL PARK, NY US",72.0,55.0,63.5,0.01,4.03,0.0
2022-05-19,"NY CITY CENTRAL PARK, NY US",66.0,54.0,60.0,0.73,2.46,0.0
2022-05-20,"NY CITY CENTRAL PARK, NY US",69.0,55.0,62.0,0.4,3.58,0.0
2022-05-21,"NY CITY CENTRAL PARK, NY US",90.0,62.0,76.0,0.0,1.57,0.0
2022-05-22,"NY CITY CENTRAL PARK, NY US",89.0,72.0,80.5,0.0,4.03,0.0
2022-05-23,"NY CITY CENTRAL PARK, NY US",73.0,61.0,67.0,0.0,6.71,0.0
2022-05-24,"NY CITY CENTRAL PARK, NY US",67.0,57.0,62.0,0.0,4.7,0.0
2022-05-25,"NY CITY CENTRAL PARK, NY US",70.0,53.0,61.5,0.0,2.91,0.0
2022-05-26,"NY CITY CENTRAL PARK, NY US",70.0,54.0,62.0,0.0,3.58,0.0
2022-05-27,"NY CITY CENTRAL PARK, NY US",80.0,65.0,72.5,0.27,2.91,0.0
2022-05-28,"NY CITY CENTRAL PARK, NY US",74.0,63.0,68.5,0.72,3.36,0.0
2022-05-29,"NY CITY CENTRAL PARK, NY US",77.0,59.0,68.0,0.0,1.79,0.0
2022-05-30,"NY CITY CENTRAL PARK, NY US",84.0,63.0,73.5,0.0,2.91,0.0
2022-05-31,"NY CITY CENTRAL PARK, NY US",93.0,65.0,79.0,0.0,4.92,0.0
2022-06-01,"NY CITY CENTRAL PARK, NY US",72.0,60.0,66.0,0.71,6.49,0.0
2022-06-02,"NY CITY CENTRAL PARK, NY US",79.0,62.0,70.5,0.45,3.13,0.0
2022-06-03,"NY CITY CENTRAL PARK, NY US",76.0,62.0,69.0,0.0,3.58,0.0
2022-06-04,"NY CITY CENTRAL PARK, NY US",80.0,61.0,70.5,0.0,2.24,0.0
2022-06-05,"NY CITY CENTRAL PARK, NY US",77.0,57.0,67.0,0.0,3.58,0.0
2022-06-06,"NY CITY CENTRAL PARK, NY US",80.0,63.0,71.5,0.0,4.25,0.0
2022-06-07,"NY CITY CENTRAL PARK, NY US",78.0,63.0,70.5,0.08,5.59,0.0
2022-06-08,"NY CITY CENTRAL PARK, NY US",82.0,66.0,74.0,0.03,4.47,0.0
2022-06-09,"NY CITY CENTRAL PARK, NY US",81.0,65.0,73.0,0.83,6.71,0.0
2022-06-10,"NY CITY CENTRAL PARK, NY US",77.0,63.0,70.0,0.0,5.59,0.0
2022-06-11,"NY CITY CENTRAL PARK, NY US",74.0,66.0,70.0,0.0,3.13,0.0
2022-06-12,"NY CITY CENTRAL PARK, NY US",72.0,63.0,67.5,0.05,2.68,0.0
2022-06-13,"NY CITY CENTRAL PARK, NY US",85.0,68.0,76.5,0.0,2.46,0.0
2022-06-14,"NY CITY CENTRAL PARK, NY US",81.0,68.0,74.5,0.0,4.25,0.0
2022-06-15,"NY CITY CENTRAL PARK, NY US",83.0,66.0,74.5,0.0,3.58,0.0
2022-06-16,"NY CITY CENTRAL PARK, NY US",71.0,61.0,66.0,0.32,3.36,0.0
2022-06-17,"NY CITY CENTRAL PARK, NY US",88.0,69.0,78.5,0.0,6.26,0.0
2022-06-18,"NY CITY CENTRAL PARK, NY US",75.0,58.0,66.5,0.0,8.72,0.0
2022-06-19,"NY CITY CENTRAL PARK, NY US",73.0,54.0,63.5,0.0,6.93,0.0
2022-06-20,"NY CITY CENTRAL PARK, NY US",78.0,57.0,67.5,0.0,3.58,0.0
2022-06-21,"NY CITY CENTRAL PARK, NY US",80.0,63.0,71.5,0.06,2.46,0.0
2022-06-22,"NY CITY CENTRAL PARK, NY US",67.0,62.0,64.5,0.02,4.92,0.0
2022-06-23,"NY CITY CENTRAL PARK, NY US",74.0,61.0,67.5,0.08,3.13,0.0
2022-06-24,"NY CITY CENTRAL PARK, NY US",81.0,63.0,72.0,0.0,2.91,0.0
2022-06-25,"NY CITY CENTRAL PARK, NY US",90.0,69.0,79.5,0.0,2.24,0.0
2022-06-26,"NY CITY CENTRAL PARK, NY US",89.0,74.0,81.5,0.0,3.58,0.0
2022-06-27,"NY CITY CENTRAL PARK, NY US",77.0,69.0,73.0,0.29,2.91,0.0
2022-06-28,"NY CITY CENTRAL PARK, NY US",79.0,66.0,72.5,0.0,2.46,0.0
2022-06-29,"NY CITY CENTRAL PARK, NY US",84.0,66.0,75.0,0.0,2.01,0.0
2022-06-30,"NY CITY CENTRAL PARK, NY US",86.0,69.0,77.5,0.0,2.91,0.0
2022-07-01,"NY CITY CENTRAL PARK, NY US",91.0,73.0,82.0,0.0,3.8,0.0
2022-07-02,"NY CITY CENTRAL PARK, NY US",87.0,73.0,80.0,0.0,3.13,0.0
2022-07-03,"NY CITY CENTRAL PARK, NY US",88.0,73.0,80.5,0.0,3.8,0.0
2022-07-04,"NY CITY CENTRAL PARK, NY US",85.0,65.0,75.0,0.0,2.68,0.0
2022-07-05,"NY CITY CENTRAL PARK, NY US",87.0,70.0,78.5,0.09,4.47,0.0
2022-07-06,"NY CITY CENTRAL PARK, NY US",85.0,71.0,78.0,0.0,5.14,0.0
2022-07-07,"NY CITY CENTRAL PARK, NY US",84.0,69.0,76.5,0.0,4.92,0.0
2022-07-08,"NY CITY CENTRAL PARK, NY US",83.0,68.0,75.5,0.24,1.34,0.0
2022-07-09,"NY CITY CENTRAL PARK, NY US",85.0,71.0,78.0,0.0,2.91,0.0
2022-07-10,"NY CITY CENTRAL PARK, NY US",83.0,67.0,75.0,0.0,5.82,0.0
2022-07-11,"NY CITY CENTRAL PARK, NY US",85.0,67.0,76.0,0.0,5.14,0.0
2022-07-12,"NY CITY CENTRAL PARK, NY US",90.0,70.0,80.0,0.0,5.82,0.0
2022-07-13,"NY CITY CENTRAL PARK, NY US",91.0,74.0,82.5,0.0,2.68,0.0
2022-07-14,"NY CITY CENTRAL PARK, NY US",90.0,72.0,81.0,0.0,3.8,0.0
2022-07-15,"NY CITY CENTRAL PARK, NY US",86.0,73.0,79.5,0.0,4.47,0.0
2022-07-16,"NY CITY CENTRAL PARK, NY US",85.0,66.0,75.5,1.11,2.68,0.0
2022-07-17,"NY CITY CENTRAL PARK, NY US",83.0,71.0,77.0,0.0,2.46,0.0
2022-07-18,"NY CITY CENTRAL PARK, NY US",81.0,69.0,75.0,1.85,2.91,0.0
2022-07-19,"NY CITY CENTRAL PARK, NY US",90.0,73.0,81.5,0.0,5.14,0.0
2022-07-20,"NY CITY CENTRAL PARK, NY US",95.0,78.0,86.5,0.0,4.03,0.0
2022-07-21,"NY CITY CENTRAL PARK, NY US",92.0,74.0,83.0,0.16,4.03,0.0
2022-07-22,"NY CITY CENTRAL PARK, NY US",94.0,78.0,86.0,0.0,2.68,0.0
2022-07-23,"NY CITY CENTRAL PARK, NY US",95.0,78.0,86.5,0.0,2.01,0.0
2022-07-24,"NY CITY CENTRAL PARK, NY US",95.0,79.0,87.0,0.0,4.92,0.0
2022-07-25,"NY CITY CENTRAL PARK, NY US",86.0,73.0,79.5,0.98,4.7,0.0
2022-07-26,"NY CITY CENTRAL PARK, NY US",81.0,71.0,76.0,0.0,3.8,0.0
2022-07-27,"NY CITY CENTRAL PARK, NY US",85.0,70.0,77.5,0.0,2.24,0.0
2022-07-28,"NY CITY CENTRAL PARK, NY US",87.0,73.0,80.0,0.02,3.8,0.0
2022-07-29,"NY CITY CENTRAL PARK, NY US",85.0,72.0,78.5,0.1,3.36,0.0
2022-07-30,"NY CITY CENTRAL PARK, NY US",87.0,73.0,80.0,0.0,4.7,0.0
2022-07-31,"NY CITY CENTRAL PARK, NY US",86.0,71.0,78.5,0.0,2.01,0.0
2022-08-01,"NY CITY CENTRAL PARK, NY US",77.0,68.0,72.5,0.48,2.68,0.0
2022-08-02,"NY CITY CENTRAL PARK, NY US",90.0,72.0,81.0,0.0,3.58,0.0
2022-08-03,"NY CITY CENTRAL PARK, NY US",89.0,71.0,80.0,0.0,3.13,0.0
2022-08-04,"NY CITY CENTRAL PARK, NY US",93.0,76.0,84.5,0.0,3.58,0.0
2022-08-05,"NY CITY CENTRAL PARK, NY US",89.0,78.0,83.5,0.0,3.36,0.0
2022-08-06,"NY CITY CENTRAL PARK, NY US",92.0,77.0,84.5,0.0,4.03,0.0
2022-08-07,"NY CITY CENTRAL PARK, NY US",92.0,76.0,84.0,0.16,5.59,0.0
2022-08-08,"NY CITY CENTRAL PARK, NY US",93.0,79.0,86.0,0.0,5.37,0.0
2022-08-09,"NY CITY CENTRAL PARK, NY US",97.0,78.0,87.5,0.03,4.92,0.0
2022-08-10,"NY CITY CENTRAL PARK, NY US",87.0,75.0,81.0,0.0,3.58,0.0
2022-08-11,"NY CITY CENTRAL PARK, NY US",89.0,72.0,80.5,0.11,2.24,0.0
2022-08-12,"NY CITY CENTRAL PARK, NY US",85.0,71.0,78.0,0.0,5.59,0.0
2022-08-13,"NY CITY CENTRAL PARK, NY US",79.0,65.0,72.0,0.0,4.47,0.0
2022-08-14,"NY CITY CENTRAL PARK, NY US",82.0,66.0,74.0,0.0,2.68,0.0
2022-08-15,"NY CITY CENTRAL PARK, NY US",83.0,68.0,75.5,0.0,1.79,0.0
2022-08-16,"NY CITY CENTRAL PARK, NY US",83.0,66.0,74.5,0.0,5.59,0.0
2022-08-17,"NY CITY CENTRAL PARK, NY US",81.0,63.0,72.0,0.34,3.36,0.0
2022-08-18,"NY CITY CENTRAL PARK, NY US",87.0,62.0,74.5,0.0,2.91,0.0
2022-08-19,"NY CITY CENTRAL PARK, NY US",90.0,69.0,79.5,0.0,3.58,0.0
2022-08-20,"NY CITY CENTRAL PARK, NY US",90.0,74.0,82.0,0.0,2.91,0.0
2022-08-21,"NY CITY CENTRAL PARK, NY US",82.0,72.0,77.0,0.0,2.68,0.0
2022-08-22,"NY CITY CENTRAL PARK, NY US",79.0,73.0,76.0,0.23,2.68,0.0
2022-08-23,"NY CITY CENTRAL PARK, NY US",86.0,72.0,79.0,0.0,2.91,0.0
2022-08-24,"NY CITY CENTRAL PARK, NY US",90.0,71.0,80.5,0.0,3.8,0.0
2022-08-25,"NY CITY CENTRAL PARK, NY US",91.0,72.0,81.5,0.0,2.46,0.0
2022-08-26,"NY CITY CENTRAL PARK, NY US",87.0,74.0,80.5,0.24,2.91,0.0
2022-08-27,"NY CITY CENTRAL PARK, NY US",90.0,74.0,82.0,0.0,3.8,0.0
2022-08-28,"NY CITY CENTRAL PARK, NY US",82.0,73.0,77.5,0.0,5.14,0.0
2022-08-29,"NY CITY CENTRAL PARK, NY US",85.0,75.0,80.0,0.0,2.91,0.0
2022-08-30,"NY CITY CENTRAL PARK, NY US",89.0,73.0,81.0,0.12,4.25,0.0
2022-08-31,"NY CITY CENTRAL PARK, NY US",85.0,69.0,77.0,0.0,5.14,0.0
2022-09-01,"NY CITY CENTRAL PARK, NY US",86.0,69.0,77.5,0.0,4.03,0.0
2022-09-02,"NY CITY CENTRAL PARK, NY US",79.0,62.0,70.5,0.0,3.8,0.0
2022-09-03,"NY CITY CENTRAL PARK, NY US",82.0,65.0,73.5,0.0,2.24,0.0
2022-09-04,"NY CITY CENTRAL PARK, NY US",90.0,71.0,80.5,0.0,2.68,0.0
2022-09-05,"NY CITY CENTRAL PARK, NY US",88.0,73.0,80.5,0.06,2.01,0.0
2022-09-06,"NY CITY CENTRAL PARK, NY US",74.0,67.0,70.5,0.78,3.8,0.0
2022-09-07,"NY CITY CENTRAL PARK, NY US",72.0,65.0,68.5,0.0,6.49,0.0
2022-09-08,"NY CITY CENTRAL PARK, NY US",78.0,65.0,71.5,0.0,4.03,0.0
2022-09-09,"NY CITY CENTRAL PARK, NY US",80.0,62.0,71.0,0.0,3.58,0.0
2022-09-10,"NY CITY CENTRAL PARK, NY US",86.0,64.0,75.0,0.0,2.46,0.0
2022-09-11,"NY CITY CENTRAL PARK, NY US",76.0,67.0,71.5,0.32,2.68,0.0
2022-09-12,"NY CITY CENTRAL PARK, NY US",81.0,68.0,74.5,0.81,1.34,0.0
2022-09-13,"NY CITY CENTRAL PARK, NY US",82.0,68.0,75.0,0.41,3.8,0.0
2022-09-14,"NY CITY CENTRAL PARK, NY US",80.0,62.0,71.0,0.0,5.59,0.0
2022-09-15,"NY CITY CENTRAL PARK, NY US",74.0,62.0,68.0,0.0,5.82,0.0
2022-09-16,"NY CITY CENTRAL PARK, NY US",75.0,57.0,66.0,0.0,2.01,0.0
2022-09-17,"NY CITY CENTRAL PARK, NY US",76.0,64.0,70.0,0.0,4.7,0.0
2022-09-18,"NY CITY CENTRAL PARK, NY US",83.0,67.0,75.0,0.0,5.59,0.0
2022-09-19,"NY CITY CENTRAL PARK, NY US",85.0,68.0,76.5,0.14,3.58,0.0
2022-09-20,"NY CITY CENTRAL PARK, NY US",79.0,67.0,73.0,0.0,4.03,0.0
2022-09-21,"NY CITY CENTRAL PARK, NY US",80.0,62.0,71.0,0.0,3.13,0.0
2022-09-22,"NY CITY CENTRAL PARK, NY US",75.0,57.0,66.0,0.47,7.38,0.0
2022-09-23,"NY CITY CENTRAL PARK, NY US",63.0,51.0,57.0,0.0,9.62,0.0
2022-09-24,"NY CITY CENTRAL PARK, NY US",69.0,49.0,59.0,0.0,4.03,0.0
2022-09-25,"NY CITY CENTRAL PARK, NY US",72.0,59.0,65.5,1.11,3.36,0.0
2022-09-26,"NY CITY CENTRAL PARK, NY US",74.0,58.0,66.0,0.0,5.82,0.0
2022-09-27,"NY CITY CENTRAL PARK, NY US",70.0,59.0,64.5,0.0,4.25,0.0
2022-09-28,"NY CITY CENTRAL PARK, NY US",69.0,53.0,61.0,0.0,4.03,0.0
2022-09-29,"NY CITY CENTRAL PARK, NY US",66.0,53.0,59.5,0.0,5.82,0.0
2022-09-30,"NY CITY CENTRAL PARK, NY US",62.0,52.0,57.0,0.0,6.93,0.0
2022-10-01,"NY CITY CENTRAL PARK, NY US",61.0,51.0,56.0,0.59,10.07,0.0
2022-10-02,"NY CITY CENTRAL PARK, NY US",60.0,50.0,55.0,0.0,12.3,0.0
2022-10-03,"NY CITY CENTRAL PARK, NY US",53.0,47.0,50.0,0.47,10.51,0.0
2022-10-04,"NY CITY CENTRAL PARK, NY US",55.0,46.0,50.5,1.85,9.84,0.0
2022-10-05,"NY CITY CENTRAL PARK, NY US",59.0,54.0,56.5,0.37,5.37,0.0
2022-10-06,"NY CITY CENTRAL PARK, NY US",74.0,53.0,63.5,0.0,2.91,0.0
2022-10-07,"NY CITY CENTRAL PARK, NY US",76.0,58.0,67.0,0.0,4.7,0.0
2022-10-08,"NY CITY CENTRAL PARK, NY US",58.0,47.0,52.5,0.03,4.7,0.0
2022-10-09,"NY CITY CENTRAL PARK, NY US",61.0,44.0,52.5,0.0,3.58,0.0
2022-10-10,"NY CITY CENTRAL PARK, NY US",67.0,52.0,59.5,0.0,3.36,0.0
2022-10-11,"NY CITY CENTRAL PARK, NY US",70.0,51.0,60.5,0.0,2.68,0.0
2022-10-12,"NY CITY CENTRAL PARK, NY US",70.0,57.0,63.5,0.0,3.58,0.0
2022-10-13,"NY CITY CENTRAL PARK, NY US",69.0,54.0,61.5,0.8,4.03,0.0
2022-10-14,"NY CITY CENTRAL PARK, NY US",67.0,52.0,59.5,0.19,3.8,0.0
2022-10-15,"NY CITY CENTRAL PARK, NY US",68.0,50.0,59.0,0.0,2.91,0.0
2022-10-16,"NY CITY CENTRAL PARK, NY US",64.0,52.0,58.0,0.0,2.68,0.0
2022-10-17,"NY CITY CENTRAL PARK, NY US",66.0,53.0,59.5,0.14,3.8,0.0
2022-10-18,"NY CITY CENTRAL PARK, NY US",56.0,46.0,51.0,0.0,5.59,0.0
2022-10-19,"NY CITY CENTRAL PARK, NY US",54.0,42.0,48.0,0.0,5.59,0.0
2022-10-20,"NY CITY CENTRAL PARK, NY US",58.0,44.0,51.0,0.0,5.59,0.0
2022-10-21,"NY CITY CENTRAL PARK, NY US",62.0,46.0,54.0,0.0,2.24,0.0
2022-10-22,"NY CITY CENTRAL PARK, NY US",66.0,49.0,57.5,0.0,2.68,0.0
2022-10-23,"NY CITY CENTRAL PARK, NY US",61.0,54.0,57.5,0.02,7.16,0.0
2022-10-24,"NY CITY CENTRAL PARK, NY US",61.0,55.0,58.0,0.52,7.61,0.0
2022-10-25,"NY CITY CENTRAL PARK, NY US",70.0,61.0,65.5,0.0,2.46,0.0
2022-10-26,"NY CITY CENTRAL PARK, NY US",72.0,60.0,66.0,0.0,2.91,0.0
2022-10-27,"NY CITY CENTRAL PARK, NY US",65.0,52.0,58.5,0.0,6.71,0.0
2022-10-28,"NY CITY CENTRAL PARK, NY US",56.0,45.0,50.5,0.0,5.59,0.0
2022-10-29,"NY CITY CENTRAL PARK, NY US",58.0,43.0,50.5,0.0,3.36,0.0
2022-10-30,"NY CITY CENTRAL PARK, NY US",63.0,43.0,53.0,0.0,0.89,0.0
2022-10-31,"NY CITY CENTRAL PARK, NY US",65.0,51.0,58.0,0.1,1.57,0.0
2022-11-01,"NY CITY CENTRAL PARK, NY US",67.0,59.0,63.0,0.08,3.8,0.0
2022-11-02,"NY CITY CENTRAL PARK, NY US",70.0,54.0,62.0,0.0,2.24,0.0
2022-11-03,"NY CITY CENTRAL PARK, NY US",67.0,52.0,59.5,0.0,2.01,0.0
2022-11-04,"NY CITY CENTRAL PARK, NY US",70.0,53.0,61.5,0.0,2.01,0.0
2022-11-05,"NY CITY CENTRAL PARK, NY US",76.0,64.0,70.0,0.0,4.03,0.0
2022-11-06,"NY CITY CENTRAL PARK, NY US",75.0,66.0,70.5,0.0,4.25,0.0
2022-11-07,"NY CITY CENTRAL PARK, NY US",77.0,54.0,65.5,0.0,6.04,0.0
2022-11-08,"NY CITY CENTRAL PARK, NY US",58.0,47.0,52.5,0.0,7.16,0.0
2022-11-09,"NY CITY CENTRAL PARK, NY US",53.0,40.0,46.5,0.0,4.47,0.0
2022-11-10,"NY CITY CENTRAL PARK, NY US",66.0,47.0,56.5,0.0,2.91,0.0
2022-11-11,"NY CITY CENTRAL PARK, NY US",68.0,59.0,63.5,0.89,3.58,0.0
2022-11-12,"NY CITY CENTRAL PARK, NY US",69.0,60.0,64.5,0.08,5.14,0.0
2022-11-13,"NY CITY CENTRAL PARK, NY US",61.0,41.0,51.0,0.04,5.82,0.0
2022-11-14,"NY CITY CENTRAL PARK, NY US",45.0,37.0,41.0,0.0,6.26,0.0
2022-11-15,"NY CITY CENTRAL PARK, NY US",46.0,35.0,40.5,0.56,6.71,0.0
2022-11-16,"NY CITY CENTRAL PARK, NY US",50.0,39.0,44.5,0.28,8.05,0.0
2022-11-17,"NY CITY CENTRAL PARK, NY US",46.0,37.0,41.5,0.0,7.61,0.0
2022-11-18,"NY CITY CENTRAL PARK, NY US",44.0,34.0,39.0,0.0,5.82,0.0
2022-11-19,"NY CITY CENTRAL PARK, NY US",40.0,31.0,35.5,0.0,5.82,0.0
2022-11-20,"NY CITY CENTRAL PARK, NY US",40.0,30.0,35.0,0.0,9.62,0.0
2022-11-21,"NY CITY CENTRAL PARK, NY US",41.0,27.0,34.0,0.0,6.26,0.0
2022-11-22,"NY CITY CENTRAL PARK, NY US",51.0,37.0,44.0,0.0,5.37,0.0
2022-11-23,"NY CITY CENTRAL PARK, NY US",55.0,42.0,48.5,0.0,4.47,0.0
2022-11-24,"NY CITY CENTRAL PARK, NY US",54.0,40.0,47.0,0.0,3.8,0.0
2022-11-25,"NY CITY CENTRAL PARK, NY US",55.0,46.0,50.5,0.02,7.83,0.0
2022-11-26,"NY CITY CENTRAL PARK, NY US",57.0,42.0,49.5,0.0,6.93,0.0
2022-11-27,"NY CITY CENTRAL PARK, NY US",60.0,48.0,54.0,0.7,5.59,0.0
2022-11-28,"NY CITY CENTRAL PARK, NY US",54.0,41.0,47.5,0.0,7.38,0.0
2022-11-29,"NY CITY CENTRAL PARK, NY US",44.0,36.0,40.0,0.0,2.91,0.0
2022-11-30,"NY CITY CENTRAL PARK, NY US",58.0,40.0,49.0,0.5,6.93,0.0
2022-12-01,"NY CITY CENTRAL PARK, NY US",43.0,35.0,39.0,0.0,8.28,0.0
2022-12-02,"NY CITY CENTRAL PARK, NY US",47.0,32.0,39.5,0.0,3.8,0.0
2022-12-03,"NY CITY CENTRAL PARK, NY US",58.0,45.0,51.5,0.49,6.93,0.0
2022-12-04,"NY CITY CENTRAL PARK, NY US",45.0,38.0,41.5,0.0,4.92,0.0
2022-12-05,"NY CITY CENTRAL PARK, NY US",48.0,36.0,42.0,0.0,2.91,0.0
2022-12-06,"NY CITY CENTRAL PARK, NY US",58.0,42.0,50.0,1.05,5.14,0.0
2022-12-07,"NY CITY CENTRAL PARK, NY US",59.0,54.0,56.5,0.26,3.36,0.0
2022-12-08,"NY CITY CENTRAL PARK, NY US",55.0,42.0,48.5,0.0,4.7,0.0
2022-12-09,"NY CITY CENTRAL PARK, NY US",45.0,36.0,40.5,0.0,6.71,0.0
2022-12-10,"NY CITY CENTRAL PARK, NY US",39.0,32.0,35.5,0.0,7.16,0.0
2022-12-11,"NY CITY CENTRAL PARK, NY US",40.0,33.0,36.5,0.32,8.05,0.0
2022-12-12,"NY CITY CENTRAL PARK, NY US",38.0,28.0,33.0,0.01,5.82,0.0
2022-12-13,"NY CITY CENTRAL PARK, NY US",40.0,25.0,32.5,0.0,4.03,0.0
2022-12-14,"NY CITY CENTRAL PARK, NY US",39.0,31.0,35.0,0.0,7.38,0.0
2022-12-15,"NY CITY CENTRAL PARK, NY US",42.0,33.0,37.5,0.51,8.5,0.0
2022-12-16,"NY CITY CENTRAL PARK, NY US",44.0,38.0,41.0,0.85,11.18,0.0
2022-12-17,"NY CITY CENTRAL PARK, NY US",44.0,36.0,40.0,0.0,8.05,0.0
2022-12-18,"NY CITY CENTRAL PARK, NY US",40.0,32.0,36.0,0.0,7.61,0.0
2022-12-19,"NY CITY CENTRAL PARK, NY US",39.0,31.0,35.0,0.0,7.61,0.0
2022-12-20,"NY CITY CENTRAL PARK, NY US",39.0,30.0,34.5,0.0,5.59,0.0
2022-12-21,"NY CITY CENTRAL PARK, NY US",40.0,27.0,33.5,0.0,1.57,0.0
2022-12-22,"NY CITY CENTRAL PARK, NY US",47.0,35.0,41.0,0.23,8.5,0.0
2022-12-23,"NY CITY CENTRAL PARK, NY US",58.0,8.0,33.0,1.83,10.07,0.0
2022-12-24,"NY CITY CENTRAL PARK, NY US",15.0,7.0,11.0,0.0,11.41,0.0
2022-12-25,"NY CITY CENTRAL PARK, NY US",28.0,14.0,21.0,0.0,8.5,0.0
2022-12-26,"NY CITY CENTRAL PARK, NY US",29.0,18.0,23.5,0.0,7.16,0.0
2022-12-27,"NY CITY CENTRAL PARK, NY US",35.0,29.0,32.0,0.0,5.59,0.0
2022-12-28,"NY CITY CENTRAL PARK, NY US",47.0,33.0,40.0,0.0,5.14,0.0
2022-12-29,"NY CITY CENTRAL PARK, NY US",51.0,40.0,45.5,0.0,6.04,0.0
2022-12-30,"NY CITY CENTRAL PARK, NY US",62.0,46.0,54.0,0.0,2.91,0.0
2022-12-31,"NY CITY CENTRAL PARK, NY US",55.0,50.0,52.5,0.28,1.79,0.0
2023-01-01,"NY CITY CENTRAL PARK, NY US",55.0,49.0,52.0,0.0,4.92,0.0
2023-01-02,"NY CITY CENTRAL PARK, NY US",56.0,49.0,52.5,0.02,3.58,0.0
2023-01-03,"NY CITY CENTRAL PARK, NY US",58.0,47.0,52.5,0.42,3.13,0.0
2023-01-04,"NY CITY CENTRAL PARK, NY US",66.0,49.0,57.5,0.02,4.47,0.0
2023-01-05,"NY CITY CENTRAL PARK, NY US",50.0,44.0,47.0,0.01,5.14,0.0
2023-01-06,"NY CITY CENTRAL PARK, NY US",49.0,39.0,44.0,0.27,5.37,0.0
2023-01-07,"NY CITY CENTRAL PARK, NY US",45.0,37.0,41.0,0.0,6.71,0.0
2023-01-08,"NY CITY CENTRAL PARK, NY US",41.0,33.0,37.0,0.0,4.7,0.0
2023-01-09,"NY CITY CENTRAL PARK, NY US",44.0,37.0,40.5,0.01,4.47,0.0
2023-01-10,"NY CITY CENTRAL PARK, NY US",41.0,38.0,39.5,0.0,4.25,0.0
2023-01-11,"NY CITY CENTRAL PARK, NY US",39.0,35.0,37.0,0.0,6.49,0.0
2023-01-12,"NY CITY CENTRAL PARK, NY US",55.0,37.0,46.0,0.3,4.92,0.0
2023-01-13,"NY CITY CENTRAL PARK, NY US",57.0,38.0,47.5,0.09,7.16,0.0
2023-01-14,"NY CITY CENTRAL PARK, NY US",38.0,31.0,34.5,0.0,8.95,0.0
2023-01-15,"NY CITY CENTRAL PARK, NY US",41.0,30.0,35.5,0.0,9.62,0.0
2023-01-16,"NY CITY CENTRAL PARK, NY US",48.0,28.0,38.0,0.0,7.61,0.0
2023-01-17,"NY CITY CENTRAL PARK, NY US",47.0,35.0,41.0,0.0,3.13,0.0
2023-01-18,"NY CITY CENTRAL PARK, NY US",53.0,42.0,47.5,0.05,7.61,0.0
2023-01-19,"NY CITY CENTRAL PARK, NY US",44.0,40.0,42.0,0.87,4.25,0.0
2023-01-20,"NY CITY CENTRAL PARK, NY US",49.0,40.0,44.5,0.0,6.71,0.0
2023-01-21,"NY CITY CENTRAL PARK, NY US",42.0,37.0,39.5,0.0,5.59,0.0
2023-01-22,"NY CITY CENTRAL PARK, NY US",42.0,36.0,39.0,0.51,4.7,0.0
2023-01-23,"NY CITY CENTRAL PARK, NY US",39.0,36.0,37.5,0.41,7.61,0.0
2023-01-24,"NY CITY CENTRAL PARK, NY US",46.0,35.0,40.5,0.0,6.93,0.0
2023-01-25,"NY CITY CENTRAL PARK, NY US",54.0,35.0,44.5,0.9,6.04,0.0
2023-01-26,"NY CITY CENTRAL PARK, NY US",57.0,41.0,49.0,0.44,8.95,0.0
2023-01-27,"NY CITY CENTRAL PARK, NY US",44.0,35.0,39.5,0.0,5.82,0.0
2023-01-28,"NY CITY CENTRAL PARK, NY US",52.0,36.0,44.0,0.0,7.16,0.0
2023-01-29,"NY CITY CENTRAL PARK, NY US",53.0,42.0,47.5,0.0,4.7,0.0
2023-01-30,"NY CITY CENTRAL PARK, NY US",55.0,43.0,49.0,0.0,2.91,0.0
2023-01-31,"NY CITY CENTRAL PARK, NY US",50.0,31.0,40.5,0.06,4.25,0.0
2023-02-01,"NY CITY CENTRAL PARK, NY US",38.0,26.0,32.0,0.02,5.59,0.4
2023-02-02,"NY CITY CENTRAL PARK, NY US",40.0,29.0,34.5,0.0,4.92,0.0
2023-02-03,"NY CITY CENTRAL PARK, NY US",35.0,11.0,23.0,0.0,11.86,0.0
2023-02-04,"NY CITY CENTRAL PARK, NY US",27.0,3.0,15.0,0.0,8.72,0.0
2023-02-05,"NY CITY CENTRAL PARK, NY US",49.0,27.0,38.0,0.0,3.58,0.0
2023-02-06,"NY CITY CENTRAL PARK, NY US",52.0,34.0,43.0,0.0,4.92,0.0
2023-02-07,"NY CITY CENTRAL PARK, NY US",43.0,30.0,36.5,0.02,4.92,0.0
2023-02-08,"NY CITY CENTRAL PARK, NY US",53.0,39.0,46.0,0.0,6.04,0.0
2023-02-09,"NY CITY CENTRAL PARK, NY US",55.0,42.0,48.5,0.0,3.58,0.0
2023-02-10,"NY CITY CENTRAL PARK, NY US",61.0,45.0,53.0,0.0,8.5,0.0
2023-02-11,"NY CITY CENTRAL PARK, NY US",46.0,36.0,41.0,0.0,5.82,0.0
2023-02-12,"NY CITY CENTRAL PARK, NY US",48.0,38.0,43.0,0.01,4.25,0.0
2023-02-13,"NY CITY CENTRAL PARK, NY US",57.0,41.0,49.0,0.0,7.38,0.0
2023-02-14,"NY CITY CENTRAL PARK, NY US",54.0,40.0,47.0,0.0,5.59,0.0
2023-02-15,"NY CITY CENTRAL PARK, NY US",67.0,47.0,57.0,0.0,4.47,0.0
2023-02-16,"NY CITY CENTRAL PARK, NY US",70.0,56.0,63.0,0.07,3.58,0.0
2023-02-17,"NY CITY CENTRAL PARK, NY US",61.0,32.0,46.5,0.18,7.16,0.0
2023-02-18,"NY CITY CENTRAL PARK, NY US",43.0,27.0,35.0,0.0,8.28,0.0
2023-02-19,"NY CITY CENTRAL PARK, NY US",50.0,37.0,43.5,0.0,3.36,0.0
2023-02-20,"NY CITY CENTRAL PARK, NY US",61.0,47.0,54.0,0.0,6.04,0.0
2023-02-21,"NY CITY CENTRAL PARK, NY US",50.0,37.0,43.5,0.27,4.92,0.0
2023-02-22,"NY CITY CENTRAL PARK, NY US",44.0,37.0,40.5,0.14,6.04,0.0
2023-02-23,"NY CITY CENTRAL PARK, NY US",44.0,38.0,41.0,0.02,7.38,0.0
2023-02-24,"NY CITY CENTRAL PARK, NY US",45.0,25.0,35.0,0.0,8.72,0.0
2023-02-25,"NY CITY CENTRAL PARK, NY US",33.0,23.0,28.0,0.0,3.58,0.0
2023-02-26,"NY CITY CENTRAL PARK, NY US",50.0,30.0,40.0,0.0,5.37,0.0
2023-02-27,"NY CITY CENTRAL PARK, NY US",46.0,33.0,39.5,0.21,5.14,0.9
2023-02-28,"NY CITY CENTRAL PARK, NY US",38.0,32.0,35.0,0.34,5.59,0.9
2023-03-01,"NY CITY CENTRAL PARK, NY US",44.0,33.0,38.5,0.0,5.82,0.0
2023-03-02,"NY CITY CENTRAL PARK, NY US",54.0,39.0,46.5,0.0,5.59,0.0
2023-03-03,"NY CITY CENTRAL PARK, NY US",47.0,37.0,42.0,0.15,5.82,0.0
2023-03-04,"NY CITY CENTRAL PARK, NY US",45.0,38.0,41.5,0.99,8.05,0.0
2023-03-05,"NY CITY CENTRAL PARK, NY US",53.0,38.0,45.5,0.0,8.05,0.0
2023-03-06,"NY CITY CENTRAL PARK, NY US",52.0,40.0,46.0,0.0,5.37,0.0
2023-03-07,"NY CITY CENTRAL PARK, NY US",47.0,33.0,40.0,0.06,10.74,0.1
2023-03-08,"NY CITY CENTRAL PARK, NY US",48.0,31.0,39.5,0.0,8.5,0.0
2023-03-09,"NY CITY CENTRAL PARK, NY US",51.0,33.0,42.0,0.0,7.83,0.0
2023-03-10,"NY CITY CENTRAL PARK, NY US",46.0,35.0,40.5,0.36,3.8,0.0
2023-03-11,"NY CITY CENTRAL PARK, NY US",45.0,35.0,40.0,0.4,8.28,0.0
2023-03-12,"NY CITY CENTRAL PARK, NY US",48.0,34.0,41.0,0.0,4.25,0.0
2023-03-13,"NY CITY CENTRAL PARK, NY US",45.0,38.0,41.5,0.67,7.16,0.0
2023-03-14,"NY CITY CENTRAL PARK, NY US",38.0,33.0,35.5,0.13,10.29,0.0
2023-03-15,"NY CITY CENTRAL PARK, NY US",45.0,34.0,39.5,0.0,12.97,0.0
2023-03-16,"NY CITY CENTRAL PARK, NY US",59.0,34.0,46.5,0.0,6.26,0.0
2023-03-17,"NY CITY CENTRAL PARK, NY US",60.0,47.0,53.5,0.0,3.36,0.0
2023-03-18,"NY CITY CENTRAL PARK, NY US",56.0,40.0,48.0,0.02,6.93,0.0
2023-03-19,"NY CITY CENTRAL PARK, NY US",40.0,29.0,34.5,0.0,8.72,0.0
2023-03-20,"NY CITY CENTRAL PARK, NY US",51.0,31.0,41.0,0.0,4.92,0.0
2023-03-21,"NY CITY CENTRAL PARK, NY US",63.0,40.0,51.5,0.0,5.82,0.0
2023-03-22,"NY CITY CENTRAL PARK, NY US",62.0,48.0,55.0,0.0,3.58,0.0
2023-03-23,"NY CITY CENTRAL PARK, NY US",60.0,48.0,54.0,0.09,4.7,0.0
2023-03-24,"NY CITY CENTRAL PARK, NY US",55.0,44.0,49.5,0.0,5.14,0.0
2023-03-25,"NY CITY CENTRAL PARK, NY US",47.0,42.0,44.5,0.15,8.05,0.0
2023-03-26,"NY CITY CENTRAL PARK, NY US",63.0,44.0,53.5,0.0,6.04,0.0
2023-03-27,"NY CITY CENTRAL PARK, NY US",62.0,43.0,52.5,0.29,5.82,0.0
2023-03-28,"NY CITY CENTRAL PARK, NY US",52.0,42.0,47.0,0.0,4.03,0.0
2023-03-29,"NY CITY CENTRAL PARK, NY US",55.0,39.0,47.0,0.0,5.82,0.0
2023-03-30,"NY CITY CENTRAL PARK, NY US",46.0,31.0,38.5,0.01,7.38,0.0
2023-03-31,"NY CITY CENTRAL PARK, NY US",57.0,38.0,47.5,0.0,2.46,0.0
2023-04-01,"NY CITY CENTRAL PARK, NY US",72.0,51.0,61.5,0.38,4.92,0.0
2023-04-02,"NY CITY CENTRAL PARK, NY US",51.0,40.0,45.5,0.0,9.17,0.0
2023-04-03,"NY CITY CENTRAL PARK, NY US",59.0,39.0,49.0,0.0,4.47,0.0
2023-04-04,"NY CITY CENTRAL PARK, NY US",73.0,48.0,60.5,0.0,1.79,0.0
2023-04-05,"NY CITY CENTRAL PARK, NY US",57.0,46.0,51.5,0.0,8.5,0.0
2023-04-06,"NY CITY CENTRAL PARK, NY US",80.0,47.0,63.5,0.0,3.13,0.0
2023-04-07,"NY CITY CENTRAL PARK, NY US",60.0,42.0,51.0,0.0,8.05,0.0
2023-04-08,"NY CITY CENTRAL PARK, NY US",54.0,37.0,45.5,0.0,3.36,0.0
2023-04-09,"NY CITY CENTRAL PARK, NY US",57.0,40.0,48.5,0.0,4.25,0.0
2023-04-10,"NY CITY CENTRAL PARK, NY US",68.0,42.0,55.0,0.0,5.14,0.0
2023-04-11,"NY CITY CENTRAL PARK, NY US",75.0,51.0,63.0,0.0,5.82,0.0
2023-04-12,"NY CITY CENTRAL PARK, NY US",84.0,64.0,74.0,0.0,5.59,0.0
2023-04-13,"NY CITY CENTRAL PARK, NY US",90.0,67.0,78.5,0.0,5.59,0.0
2023-04-14,"NY CITY CENTRAL PARK, NY US",91.0,70.0,80.5,0.0,3.36,0.0
2023-04-15,"NY CITY CENTRAL PARK, NY US",75.0,59.0,67.0,0.02,3.58,0.0
2023-04-16,"NY CITY CENTRAL PARK, NY US",71.0,57.0,64.0,0.0,2.91,0.0
2023-04-17,"NY CITY CENTRAL PARK, NY US",68.0,53.0,60.5,0.0,5.82,0.0
2023-04-18,"NY CITY CENTRAL PARK, NY US",57.0,45.0,51.0,0.0,7.16,0.0
2023-04-19,"NY CITY CENTRAL PARK, NY US",64.0,45.0,54.5,0.0,5.82,0.0
2023-04-20,"NY CITY CENTRAL PARK, NY US",66.0,45.0,55.5,0.0,2.68,0.0
2023-04-21,"NY CITY CENTRAL PARK, NY US",71.0,51.0,61.0,0.0,5.14,0.0
2023-04-22,"NY CITY CENTRAL PARK, NY US",67.0,51.0,59.0,0.68,7.16,0.0
2023-04-23,"NY CITY CENTRAL PARK, NY US",69.0,50.0,59.5,1.51,5.59,0.0
2023-04-24,"NY CITY CENTRAL PARK, NY US",62.0,44.0,53.0,0.0,4.03,0.0
2023-04-25,"NY CITY CENTRAL PARK, NY US",60.0,46.0,53.0,0.0,2.46,0.0
2023-04-26,"NY CITY CENTRAL PARK, NY US",60.0,46.0,53.0,0.0,2.46,0.0
2023-04-27,"NY CITY CENTRAL PARK, NY US",57.0,49.0,53.0,0.0,3.13,0.0
2023-04-28,"NY CITY CENTRAL PARK, NY US",56.0,47.0,51.5,0.33,6.71,0.0
2023-04-29,"NY CITY CENTRAL PARK, NY US",53.0,47.0,50.0,2.46,8.5,0.0
2023-04-30,"NY CITY CENTRAL PARK, NY US",60.0,50.0,55.0,2.32,6.93,0.0
2023-05-01,"NY CITY CENTRAL PARK, NY US",61.0,49.0,55.0,0.09,6.93,0.0
2023-05-02,"NY CITY CENTRAL PARK, NY US",56.0,44.0,50.0,0.25,4.47,0.0
2023-05-03,"NY CITY CENTRAL PARK, NY US",57.0,47.0,52.0,0.0,3.13,0.0
2023-05-04,"NY CITY CENTRAL PARK, NY US",55.0,48.0,51.5,0.05,3.8,0.0
2023-05-05,"NY CITY CENTRAL PARK, NY US",66.0,48.0,57.0,0.0,2.01,0.0
2023-05-06,"NY CITY CENTRAL PARK, NY US",73.0,48.0,60.5,0.0,2.91,0.0
2023-05-07,"NY CITY CENTRAL PARK, NY US",78.0,54.0,66.0,0.02,2.91,0.0
2023-05-08,"NY CITY CENTRAL PARK, NY US",77.0,58.0,67.5,0.0,4.7,0.0
2023-05-09,"NY CITY CENTRAL PARK, NY US",71.0,54.0,62.5,0.0,2.91,0.0
2023-05-10,"NY CITY CENTRAL PARK, NY US",73.0,50.0,61.5,0.0,2.01,0.0
2023-05-11,"NY CITY CENTRAL PARK, NY US",80.0,57.0,68.5,0.0,3.8,0.0
2023-05-12,"NY CITY CENTRAL PARK, NY US",87.0,65.0,76.0,0.0,2.91,0.0
2023-05-13,"NY CITY CENTRAL PARK, NY US",82.0,66.0,74.0,0.0,2.91,0.0
2023-05-14,"NY CITY CENTRAL PARK, NY US",74.0,59.0,66.5,0.0,6.26,0.0
2023-05-15,"NY CITY CENTRAL PARK, NY US",74.0,52.0,63.0,0.0,3.8,0.0
2023-05-16,"NY CITY CENTRAL PARK, NY US",79.0,58.0,68.5,0.0,5.14,0.0
2023-05-17,"NY CITY CENTRAL PARK, NY US",69.0,50.0,59.5,0.0,5.82,0.0
2023-05-18,"NY CITY CENTRAL PARK, NY US",61.0,43.0,52.0,0.0,4.25,0.0
2023-05-19,"NY CITY CENTRAL PARK, NY US",70.0,52.0,61.0,0.0,2.24,0.0
2023-05-20,"NY CITY CENTRAL PARK, NY US",65.0,57.0,61.0,0.77,2.91,0.0
2023-05-21,"NY CITY CENTRAL PARK, NY US",70.0,55.0,62.5,0.02,4.7,0.0
2023-05-22,"NY CITY CENTRAL PARK, NY US",75.0,57.0,66.0,0.0,2.68,0.0
2023-05-23,"NY CITY CENTRAL PARK, NY US",70.0,54.0,62.0,0.0,2.91,0.0
2023-05-24,"NY CITY CENTRAL PARK, NY US",77.0,53.0,65.0,0.08,2.68,0.0
2023-05-25,"NY CITY CENTRAL PARK, NY US",68.0,50.0,59.0,0.0,7.38,0.0
2023-05-26,"NY CITY CENTRAL PARK, NY US",72.0,53.0,62.5,0.0,3.36,0.0
2023-05-27,"NY CITY CENTRAL PARK, NY US",78.0,56.0,67.0,0.0,3.36,0.0
2023-05-28,"NY CITY CENTRAL PARK, NY US",79.0,59.0,69.0,0.0,2.24,0.0
2023-05-29,"NY CITY CENTRAL PARK, NY US",79.0,59.0,69.0,0.0,5.37,0.0
2023-05-30,"NY CITY CENTRAL PARK, NY US",72.0,55.0,63.5,0.0,4.92,0.0
2023-05-31,"NY CITY CENTRAL PARK, NY US",77.0,51.0,64.0,0.0,2.24,0.0
2023-06-01,"NY CITY CENTRAL PARK, NY US",87.0,59.0,73.0,0.0,1.79,0.0
2023-06-02,"NY CITY CENTRAL PARK, NY US",91.0,66.0,78.5,0.24,2.01,0.0
2023-06-03,"NY CITY CENTRAL PARK, NY US",69.0,54.0,61.5,0.0,7.61,0.0
2023-06-04,"NY CITY CENTRAL PARK, NY US",69.0,49.0,59.0,0.0,5.82,0.0
2023-06-05,"NY CITY CENTRAL PARK, NY US",76.0,56.0,66.0,0.0,2.91,0.0
2023-06-06,"NY CITY CENTRAL PARK, NY US",79.0,60.0,69.5,0.0,3.8,0.0
2023-06-07,"NY CITY CENTRAL PARK, NY US",69.0,57.0,63.0,0.0,4.92,0.0
2023-06-08,"NY CITY CENTRAL PARK, NY US",72.0,55.0,63.5,0.0,2.68,0.0
2023-06-09,"NY CITY CENTRAL PARK, NY US",72.0,58.0,65.0,0.0,3.8,0.0
2023-06-10,"NY CITY CENTRAL PARK, NY US",78.0,58.0,68.0,0.0,3.8,0.0
2023-06-11,"NY CITY CENTRAL PARK, NY US",82.0,64.0,73.0,0.01,0.89,0.0
2023-06-12,"NY CITY CENTRAL PARK, NY US",78.0,66.0,72.0,0.3,2.91,0.0
2023-06-13,"NY CITY CENTRAL PARK, NY US",78.0,64.0,71.0,0.0,4.92,0.0
2023-06-14,"NY CITY CENTRAL PARK, NY US",76.0,63.0,69.5,0.14,3.8,0.0
2023-06-15,"NY CITY CENTRAL PARK, NY US",77.0,61.0,69.0,0.0,5.14,0.0
2023-06-16,"NY CITY CENTRAL PARK, NY US",79.0,63.0,71.0,0.23,2.68,0.0
2023-06-17,"NY CITY CENTRAL PARK, NY US",77.0,62.0,69.5,0.0,4.47,0.0
2023-06-18,"NY CITY CENTRAL PARK, NY US",80.0,62.0,71.0,0.0,4.47,0.0
2023-06-19,"NY CITY CENTRAL PARK, NY US",81.0,65.0,73.0,0.0,3.8,0.0
2023-06-20,"NY CITY CENTRAL PARK, NY US",78.0,64.0,71.0,0.0,5.37,0.0
2023-06-21,"NY CITY CENTRAL PARK, NY US",73.0,62.0,67.5,0.0,10.51,0.0
2023-06-22,"NY CITY CENTRAL PARK, NY US",72.0,60.0,66.0,0.0,8.72,0.0
2023-06-23,"NY CITY CENTRAL PARK, NY US",71.0,65.0,68.0,0.04,3.13,0.0
2023-06-24,"NY CITY CENTRAL PARK, NY US",78.0,69.0,73.5,0.07,0.67,0.0
2023-06-25,"NY CITY CENTRAL PARK, NY US",85.0,71.0,78.0,0.0,1.57,0.0
2023-06-26,"NY CITY CENTRAL PARK, NY US",78.0,68.0,73.0,0.51,4.03,0.0
2023-06-27,"NY CITY CENTRAL PARK, NY US",79.0,66.0,72.5,0.08,1.57,0.0
2023-06-28,"NY CITY CENTRAL PARK, NY US",82.0,66.0,74.0,0.0,3.8,0.0
2023-06-29,"NY CITY CENTRAL PARK, NY US",82.0,65.0,73.5,0.0,2.46,0.0
2023-06-30,"NY CITY CENTRAL PARK, NY US",84.0,70.0,77.0,0.0,1.79,0.0
2023-07-01,"NY CITY CENTRAL PARK, NY US",82.0,69.0,75.5,0.0,2.46,0.0
2023-07-02,"NY CITY CENTRAL PARK, NY US",88.0,70.0,79.0,0.58,2.24,0.0
2023-07-03,"NY CITY CENTRAL PARK, NY US",89.0,72.0,80.5,0.45,2.68,0.0
2023-07-04,"NY CITY CENTRAL PARK, NY US",83.0,73.0,78.0,0.63,0.67,0.0
2023-07-05,"NY CITY CENTRAL PARK, NY US",93.0,72.0,82.5,0.0,1.79,0.0
2023-07-06,"NY CITY CENTRAL PARK, NY US",90.0,75.0,82.5,0.0,1.34,0.0
2023-07-07,"NY CITY CENTRAL PARK, NY US",87.0,74.0,80.5,0.0,0.67,0.0
2023-07-08,"NY CITY CENTRAL PARK, NY US",88.0,76.0,82.0,0.0,2.91,0.0
2023-07-09,"NY CITY CENTRAL PARK, NY US",82.0,72.0,77.0,0.98,1.79,0.0
2023-07-10,"NY CITY CENTRAL PARK, NY US",84.0,71.0,77.5,0.0,3.8,0.0
2023-07-11,"NY CITY CENTRAL PARK, NY US",89.0,68.0,78.5,0.0,2.91,0.0
2023-07-12,"NY CITY CENTRAL PARK, NY US",91.0,76.0,83.5,0.0,3.13,0.0
2023-07-13,"NY CITY CENTRAL PARK, NY US",88.0,77.0,82.5,0.0,2.46,0.0
2023-07-14,"NY CITY CENTRAL PARK, NY US",84.0,71.0,77.5,0.48,4.47,0.0
2023-07-15,"NY CITY CENTRAL PARK, NY US",88.0,71.0,79.5,0.04,1.57,0.0
2023-07-16,"NY CITY CENTRAL PARK, NY US",78.0,74.0,76.0,1.32,1.57,0.0
2023-07-17,"NY CITY CENTRAL PARK, NY US",88.0,74.0,81.0,0.0,2.68,0.0
2023-07-18,"NY CITY CENTRAL PARK, NY US",84.0,73.0,78.5,0.22,1.34,0.0
2023-07-19,"NY CITY CENTRAL PARK, NY US",80.0,72.0,76.0,0.0,1.34,0.0
2023-07-20,"NY CITY CENTRAL PARK, NY US",88.0,72.0,80.0,0.0,2.68,0.0
2023-07-21,"NY CITY CENTRAL PARK, NY US",84.0,71.0,77.5,0.15,3.13,0.0
2023-07-22,"NY CITY CENTRAL PARK, NY US",85.0,70.0,77.5,0.0,3.13,0.0
2023-07-23,"NY CITY CENTRAL PARK, NY US",88.0,69.0,78.5,0.0,1.57,0.0
2023-07-24,"NY CITY CENTRAL PARK, NY US",85.0,74.0,79.5,0.0,3.13,0.0
2023-07-25,"NY CITY CENTRAL PARK, NY US",86.0,68.0,77.0,0.28,2.91,0.0
2023-07-26,"NY CITY CENTRAL PARK, NY US",87.0,68.0,77.5,0.0,2.01,0.0
2023-07-27,"NY CITY CENTRAL PARK, NY US",92.0,75.0,83.5,0.15,4.92,0.0
2023-07-28,"NY CITY CENTRAL PARK, NY US",92.0,75.0,83.5,0.0,2.46,0.0
2023-07-29,"NY CITY CENTRAL PARK, NY US",89.0,70.0,79.5,0.06,5.14,0.0
2023-07-30,"NY CITY CENTRAL PARK, NY US",80.0,66.0,73.0,0.0,4.7,0.0
2023-07-31,"NY CITY CENTRAL PARK, NY US",85.0,66.0,75.5,0.0,2.91,0.0
2023-08-01,"NY CITY CENTRAL PARK, NY US",82.0,65.0,73.5,0.0,4.7,0.0
2023-08-02,"NY CITY CENTRAL PARK, NY US",81.0,64.0,72.5,0.0,2.91,0.0
2023-08-03,"NY CITY CENTRAL PARK, NY US",80.0,66.0,73.0,0.0,3.13,0.0
2023-08-04,"NY CITY CENTRAL PARK, NY US",77.0,71.0,74.0,0.0,2.68,0.0
2023-08-05,"NY CITY CENTRAL PARK, NY US",87.0,71.0,79.0,0.0,3.36,0.0
2023-08-06,"NY CITY CENTRAL PARK, NY US",87.0,69.0,78.0,0.0,2.24,0.0
2023-08-07,"NY CITY CENTRAL PARK, NY US",81.0,68.0,74.5,1.12,2.01,0.0
2023-08-08,"NY CITY CENTRAL PARK, NY US",80.0,70.0,75.0,0.01,5.37,0.0
2023-08-09,"NY CITY CENTRAL PARK, NY US",86.0,69.0,77.5,0.0,6.93,0.0
2023-08-10,"NY CITY CENTRAL PARK, NY US",81.0,70.0,75.5,0.48,2.01,0.0
2023-08-11,"NY CITY CENTRAL PARK, NY US",85.0,67.0,76.0,0.0,3.8,0.0
2023-08-12,"NY CITY CENTRAL PARK, NY US",85.0,69.0,77.0,0.0,2.91,0.0
2023-08-13,"NY CITY CENTRAL PARK, NY US",88.0,69.0,78.5,0.69,4.7,0.0
2023-08-14,"NY CITY CENTRAL PARK, NY US",87.0,72.0,79.5,0.02,1.12,0.0
2023-08-15,"NY CITY CENTRAL PARK, NY US",80.0,70.0,75.0,0.77,4.7,0.0
2023-08-16,"NY CITY CENTRAL PARK, NY US",82.0,69.0,75.5,1.33,2.91,0.0
2023-08-17,"NY CITY CENTRAL PARK, NY US",79.0,72.0,75.5,0.0,3.8,0.0
2023-08-18,"NY CITY CENTRAL PARK, NY US",80.0,65.0,72.5,0.77,4.92,0.0
2023-08-19,"NY CITY CENTRAL PARK, NY US",78.0,63.0,70.5,0.0,4.92,0.0
2023-08-20,"NY CITY CENTRAL PARK, NY US",85.0,66.0,75.5,0.0,3.58,0.0
2023-08-21,"NY CITY CENTRAL PARK, NY US",88.0,73.0,80.5,0.0,4.47,0.0
2023-08-22,"NY CITY CENTRAL PARK, NY US",79.0,67.0,73.0,0.0,4.92,0.0
2023-08-23,"NY CITY CENTRAL PARK, NY US",80.0,64.0,72.0,0.0,3.13,0.0
2023-08-24,"NY CITY CENTRAL PARK, NY US",73.0,67.0,70.0,0.14,1.12,0.0
2023-08-25,"NY CITY CENTRAL PARK, NY US",78.0,69.0,73.5,0.44,1.34,0.0
2023-08-26,"NY CITY CENTRAL PARK, NY US",84.0,73.0,78.5,0.52,2.68,0.0
2023-08-27,"NY CITY CENTRAL PARK, NY US",84.0,70.0,77.0,0.0,4.7,0.0
2023-08-28,"NY CITY CENTRAL PARK, NY US",76.0,69.0,72.5,0.0,3.8,0.0
2023-08-29,"NY CITY CENTRAL PARK, NY US",80.0,68.0,74.0,0.0,4.25,0.0
2023-08-30,"NY CITY CENTRAL PARK, NY US",83.0,68.0,75.5,0.27,4.92,0.0
2023-08-31,"NY CITY CENTRAL PARK, NY US",77.0,64.0,70.5,0.0,7.38,0.0
2023-09-01,"NY CITY CENTRAL PARK, NY US",76.0,61.0,68.5,0.0,4.47,0.0
2023-09-02,"NY CITY CENTRAL PARK, NY US",79.0,62.0,70.5,0.0,2.24,0.0
2023-09-03,"NY CITY CENTRAL PARK, NY US",88.0,68.0,78.0,0.0,4.03,0.0
2023-09-04,"NY CITY CENTRAL PARK, NY US",89.0,73.0,81.0,0.0,1.79,0.0
2023-09-05,"NY CITY CENTRAL PARK, NY US",92.0,75.0,83.5,0.0,2.91,0.0
2023-09-06,"NY CITY CENTRAL PARK, NY US",93.0,77.0,85.0,0.0,2.46,0.0
2023-09-07,"NY CITY CENTRAL PARK, NY US",93.0,76.0,84.5,0.0,2.01,0.0
2023-09-08,"NY CITY CENTRAL PARK, NY US",90.0,71.0,80.5,0.1,1.79,0.0
2023-09-09,"NY CITY CENTRAL PARK, NY US",84.0,70.0,77.0,0.02,1.12,0.0
2023-09-10,"NY CITY CENTRAL PARK, NY US",77.0,69.0,73.0,1.8,2.46,0.0
2023-09-11,"NY CITY CENTRAL PARK, NY US",82.0,69.0,75.5,1.66,2.91,0.0
2023-09-12,"NY CITY CENTRAL PARK, NY US",82.0,68.0,75.0,0.0,0.89,0.0
2023-09-13,"NY CITY CENTRAL PARK, NY US",79.0,70.0,74.5,0.22,2.68,0.0
2023-09-14,"NY CITY CENTRAL PARK, NY US",77.0,63.0,70.0,0.0,5.37,0.0
2023-09-15,"NY CITY CENTRAL PARK, NY US",69.0,58.0,63.5,0.0,6.26,0.0
2023-09-16,"NY CITY CENTRAL PARK, NY US",75.0,60.0,67.5,0.0,6.26,0.0
2023-09-17,"NY CITY CENTRAL PARK, NY US",77.0,59.0,68.0,0.21,2.24,0.0
2023-09-18,"NY CITY CENTRAL PARK, NY US",68.0,60.0,64.0,1.34,3.36,0.0
2023-09-19,"NY CITY CENTRAL PARK, NY US",72.0,58.0,65.0,0.0,4.47,0.0
2023-09-20,"NY CITY CENTRAL PARK, NY US",74.0,58.0,66.0,0.0,2.68,0.0
2023-09-21,"NY CITY CENTRAL PARK, NY US",71.0,57.0,64.0,0.0,3.36,0.0
2023-09-22,"NY CITY CENTRAL PARK, NY US",71.0,59.0,65.0,0.0,6.93,0.0
2023-09-23,"NY CITY CENTRAL PARK, NY US",63.0,57.0,60.0,0.96,11.63,0.0
2023-09-24,"NY CITY CENTRAL PARK, NY US",66.0,62.0,64.0,1.25,11.86,0.0
2023-09-25,"NY CITY CENTRAL PARK, NY US",66.0,57.0,61.5,0.59,9.62,0.0
2023-09-26,"NY CITY CENTRAL PARK, NY US",60.0,54.0,57.0,0.2,6.71,0.0
2023-09-27,"NY CITY CENTRAL PARK, NY US",64.0,50.0,57.0,0.0,6.93,0.0
2023-09-28,"NY CITY CENTRAL PARK, NY US",65.0,56.0,60.5,0.38,6.49,0.0
2023-09-29,"NY CITY CENTRAL PARK, NY US",63.0,59.0,61.0,5.48,8.05,0.0
2023-09-30,"NY CITY CENTRAL PARK, NY US",66.0,57.0,61.5,0.04,5.14,0.0
2023-10-01,"NY CITY CENTRAL PARK, NY US",76.0,59.0,67.5,0.0,4.25,0.0
2023-10-02,"NY CITY CENTRAL PARK, NY US",77.0,63.0,70.0,0.0,2.24,0.0
2023-10-03,"NY CITY CENTRAL PARK, NY US",80.0,61.0,70.5,0.0,0.89,0.0
2023-10-04,"NY CITY CENTRAL PARK, NY US",83.0,66.0,74.5,0.0,1.57,0.0
2023-10-05,"NY CITY CENTRAL PARK, NY US",77.0,62.0,69.5,0.0,2.24,0.0
2023-10-06,"NY CITY CENTRAL PARK, NY US",71.0,67.0,69.0,0.14,2.24,0.0
2023-10-07,"NY CITY CENTRAL PARK, NY US",69.0,53.0,61.0,0.35,5.82,0.0
2023-10-08,"NY CITY CENTRAL PARK, NY US",59.0,50.0,54.5,0.0,6.71,0.0
2023-10-09,"NY CITY CENTRAL PARK, NY US",60.0,49.0,54.5,0.0,4.03,0.0
2023-10-10,"NY CITY CENTRAL PARK, NY US",63.0,52.0,57.5,0.02,3.36,0.0
2023-10-11,"NY CITY CENTRAL PARK, NY US",69.0,55.0,62.0,0.0,2.01,0.0
2023-10-12,"NY CITY CENTRAL PARK, NY US",69.0,53.0,61.0,0.0,1.79,0.0
2023-10-13,"NY CITY CENTRAL PARK, NY US",63.0,51.0,57.0,0.0,3.8,0.0
2023-10-14,"NY CITY CENTRAL PARK, NY US",56.0,49.0,52.5,0.81,4.47,0.0
2023-10-15,"NY CITY CENTRAL PARK, NY US",60.0,50.0,55.0,0.01,5.82,0.0
2023-10-16,"NY CITY CENTRAL PARK, NY US",63.0,48.0,55.5,0.0,4.03,0.0
2023-10-17,"NY CITY CENTRAL PARK, NY US",61.0,51.0,56.0,0.0,2.91,0.0
2023-10-18,"NY CITY CENTRAL PARK, NY US",63.0,52.0,57.5,0.0,2.01,0.0
2023-10-19,"NY CITY CENTRAL PARK, NY US",64.0,52.0,58.0,0.0,2.01,0.0
2023-10-20,"NY CITY CENTRAL PARK, NY US",63.0,59.0,61.0,0.84,2.68,0.0
2023-10-21,"NY CITY CENTRAL PARK, NY US",63.0,56.0,59.5,0.67,5.59,0.0
2023-10-22,"NY CITY CENTRAL PARK, NY US",57.0,48.0,52.5,0.0,8.28,0.0
2023-10-23,"NY CITY CENTRAL PARK, NY US",60.0,47.0,53.5,0.0,5.37,0.0
2023-10-24,"NY CITY CENTRAL PARK, NY US",65.0,47.0,56.0,0.0,2.91,0.0
2023-10-25,"NY CITY CENTRAL PARK, NY US",72.0,53.0,62.5,0.0,5.14,0.0
2023-10-26,"NY CITY CENTRAL PARK, NY US",77.0,58.0,67.5,0.0,2.46,0.0
2023-10-27,"NY CITY CENTRAL PARK, NY US",74.0,63.0,68.5,0.0,3.8,0.0
2023-10-28,"NY CITY CENTRAL PARK, NY US",80.0,63.0,71.5,0.0,4.92,0.0
2023-10-29,"NY CITY CENTRAL PARK, NY US",63.0,51.0,57.0,0.47,6.93,0.0
2023-10-30,"NY CITY CENTRAL PARK, NY US",60.0,50.0,55.0,0.59,4.47,0.0
2023-10-31,"NY CITY CENTRAL PARK, NY US",51.0,45.0,48.0,0.0,3.8,0.0
2023-11-01,"NY CITY CENTRAL PARK, NY US",49.0,39.0,44.0,0.01,6.71,0.0
2023-11-02,"NY CITY CENTRAL PARK, NY US",48.0,35.0,41.5,0.0,4.47,0.0
2023-11-03,"NY CITY CENTRAL PARK, NY US",55.0,42.0,48.5,0.0,4.92,0.0
2023-11-04,"NY CITY CENTRAL PARK, NY US",61.0,47.0,54.0,0.0,2.91,0.0
2023-11-05,"NY CITY CENTRAL PARK, NY US",65.0,49.0,57.0,0.0,2.24,0.0
2023-11-06,"NY CITY CENTRAL PARK, NY US",56.0,44.0,50.0,0.0,3.8,0.0
2023-11-07,"NY CITY CENTRAL PARK, NY US",64.0,53.0,58.5,0.06,5.14,0.0
2023-11-08,"NY CITY CENTRAL PARK, NY US",54.0,43.0,48.5,0.0,5.37,0.0
2023-11-09,"NY CITY CENTRAL PARK, NY US",57.0,42.0,49.5,0.0,3.13,0.0
2023-11-10,"NY CITY CENTRAL PARK, NY US",53.0,45.0,49.0,0.0,4.47,0.0
2023-11-11,"NY CITY CENTRAL PARK, NY US",55.0,42.0,48.5,0.0,4.03,0.0
2023-11-12,"NY CITY CENTRAL PARK, NY US",44.0,36.0,40.0,0.0,5.14,0.0
2023-11-13,"NY CITY CENTRAL PARK, NY US",49.0,35.0,42.0,0.0,3.58,0.0
2023-11-14,"NY CITY CENTRAL PARK, NY US",53.0,42.0,47.5,0.0,4.92,0.0
2023-11-15,"NY CITY CENTRAL PARK, NY US",53.0,39.0,46.0,0.0,2.91,0.0
2023-11-16,"NY CITY CENTRAL PARK, NY US",65.0,46.0,55.5,0.0,3.36,0.0
2023-11-17,"NY CITY CENTRAL PARK, NY US",67.0,52.0,59.5,0.0,4.47,0.0
2023-11-18,"NY CITY CENTRAL PARK, NY US",63.0,41.0,52.0,0.0,6.04,0.0
2023-11-19,"NY CITY CENTRAL PARK, NY US",55.0,40.0,47.5,0.0,4.7,0.0
2023-11-20,"NY CITY CENTRAL PARK, NY US",46.0,37.0,41.5,0.0,4.92,0.0
2023-11-21,"NY CITY CENTRAL PARK, NY US",48.0,33.0,40.5,0.59,7.38,0.0
2023-11-22,"NY CITY CENTRAL PARK, NY US",54.0,48.0,51.0,1.93,4.7,0.0
2023-11-23,"NY CITY CENTRAL PARK, NY US",52.0,44.0,48.0,0.0,6.93,0.0
2023-11-24,"NY CITY CENTRAL PARK, NY US",51.0,33.0,42.0,0.0,6.26,0.0
2023-11-25,"NY CITY CENTRAL PARK, NY US",40.0,30.0,35.0,0.0,2.24,0.0
2023-11-26,"NY CITY CENTRAL PARK, NY US",56.0,35.0,45.5,0.28,4.47,0.0
2023-11-27,"NY CITY CENTRAL PARK, NY US",56.0,36.0,46.0,0.08,6.71,0.0
2023-11-28,"NY CITY CENTRAL PARK, NY US",41.0,32.0,36.5,0.0,9.62,0.0
2023-11-29,"NY CITY CENTRAL PARK, NY US",38.0,27.0,32.5,0.0,4.7,0.0
2023-11-30,"NY CITY CENTRAL PARK, NY US",51.0,34.0,42.5,0.0,5.82,0.0
2023-12-01,"NY CITY CENTRAL PARK, NY US",51.0,43.0,47.0,0.41,3.58,0.0
2023-12-02,"NY CITY CENTRAL PARK, NY US",60.0,47.0,53.5,0.0,2.24,0.0
2023-12-03,"NY CITY CENTRAL PARK, NY US",53.0,48.0,50.5,0.55,7.16,0.0
2023-12-04,"NY CITY CENTRAL PARK, NY US",54.0,42.0,48.0,0.0,6.04,0.0
2023-12-05,"NY CITY CENTRAL PARK, NY US",43.0,38.0,40.5,0.0,4.03,0.0
2023-12-06,"NY CITY CENTRAL PARK, NY US",43.0,33.0,38.0,0.0,6.04,0.0
2023-12-07,"NY CITY CENTRAL PARK, NY US",39.0,32.0,35.5,0.0,6.04,0.0
2023-12-08,"NY CITY CENTRAL PARK, NY US",51.0,38.0,44.5,0.0,2.91,0.0
2023-12-09,"NY CITY CENTRAL PARK, NY US",59.0,44.0,51.5,0.0,2.01,0.0
2023-12-10,"NY CITY CENTRAL PARK, NY US",61.0,50.0,55.5,1.12,4.03,0.0
2023-12-11,"NY CITY CENTRAL PARK, NY US",50.0,38.0,44.0,0.55,8.05,0.0
2023-12-12,"NY CITY CENTRAL PARK, NY US",44.0,36.0,40.0,0.0,5.59,0.0
2023-12-13,"NY CITY CENTRAL PARK, NY US",47.0,36.0,41.5,0.0,6.71,0.0
2023-12-14,"NY CITY CENTRAL PARK, NY US",41.0,33.0,37.0,0.0,6.26,0.0
2023-12-15,"NY CITY CENTRAL PARK, NY US",58.0,37.0,47.5,0.0,5.37,0.0
2023-12-16,"NY CITY CENTRAL PARK, NY US",54.0,46.0,50.0,0.0,5.82,0.0
2023-12-17,"NY CITY CENTRAL PARK, NY US",59.0,47.0,53.0,0.26,6.71,0.0
2023-12-18,"NY CITY CENTRAL PARK, NY US",62.0,42.0,52.0,2.21,8.95,0.0
2023-12-19,"NY CITY CENTRAL PARK, NY US",44.0,32.0,38.0,0.0,7.61,0.0
2023-12-20,"NY CITY CENTRAL PARK, NY US",46.0,30.0,38.0,0.0,6.04,0.0
2023-12-21,"NY CITY CENTRAL PARK, NY US",42.0,30.0,36.0,0.0,6.49,0.0
2023-12-22,"NY CITY CENTRAL PARK, NY US",37.0,25.0,31.0,0.0,3.58,0.0
2023-12-23,"NY CITY CENTRAL PARK, NY US",44.0,34.0,39.0,0.0,3.58,0.0
2023-12-24,"NY CITY CENTRAL PARK, NY US",49.0,40.0,44.5,0.02,1.57,0.0
2023-12-25,"NY CITY CENTRAL PARK, NY US",49.0,43.0,46.0,0.0,3.13,0.0
2023-12-26,"NY CITY CENTRAL PARK, NY US",51.0,44.0,47.5,0.0,1.57,0.0
2023-12-27,"NY CITY CENTRAL PARK, NY US",50.0,45.0,47.5,0.32,5.14,0.0
2023-12-28,"NY CITY CENTRAL PARK, NY US",55.0,49.0,52.0,1.22,6.93,0.0
2023-12-29,"NY CITY CENTRAL PARK, NY US",55.0,46.0,50.5,0.05,3.36,0.0
2023-12-30,"NY CITY CENTRAL PARK, NY US",46.0,39.0,42.5,0.0,6.49,0.0
2023-12-31,"NY CITY CENTRAL PARK, NY US",43.0,39.0,41.0,0.0,5.37,0.0
2024-01-01,"NY CITY CENTRAL PARK, NY US",47.0,35.0,41.0,0.03,3.36,0.0
2024-01-02,"NY CITY CENTRAL PARK, NY US",42.0,29.0,35.5,0.0,4.03,0.0
2024-01-03,"NY CITY CENTRAL PARK, NY US",43.0,34.0,38.5,0.0,4.92,0.0
2024-01-04,"NY CITY CENTRAL PARK, NY US",45.0,28.0,36.5,0.0,7.61,0.0
2024-01-05,"NY CITY CENTRAL PARK, NY US",37.0,26.0,31.5,0.0,7.16,0.0
2024-01-06,"NY CITY CENTRAL PARK, NY US",38.0,31.0,34.5,0.41,6.93,0.2
2024-01-07,"NY CITY CENTRAL PARK, NY US",38.0,34.0,36.0,0.24,7.61,0.0
2024-01-08,"NY CITY CENTRAL PARK, NY US",45.0,36.0,40.5,0.0,5.14,0.0
2024-01-09,"NY CITY CENTRAL PARK, NY US",57.0,36.0,46.5,1.73,6.49,0.0
2024-01-10,"NY CITY CENTRAL PARK, NY US",57.0,44.0,50.5,0.22,8.5,0.0
2024-01-11,"NY CITY CENTRAL PARK, NY US",47.0,41.0,44.0,0.0,6.93,0.0
2024-01-12,"NY CITY CENTRAL PARK, NY US",50.0,40.0,45.0,0.08,6.93,0.0
2024-01-13,"NY CITY CENTRAL PARK, NY US",60.0,35.0,47.5,0.81,9.62,0.0
2024-01-14,"NY CITY CENTRAL PARK, NY US",44.0,26.0,35.0,0.0,8.28,0.0
2024-01-15,"NY CITY CENTRAL PARK, NY US",29.0,23.0,26.0,0.04,5.14,0.4
2024-01-16,"NY CITY CENTRAL PARK, NY US",32.0,22.0,27.0,0.28,9.17,1.3
2024-01-17,"NY CITY CENTRAL PARK, NY US",24.0,17.0,20.5,0.0,8.28,0.0
2024-01-18,"NY CITY CENTRAL PARK, NY US",34.0,22.0,28.0,0.0,6.04,0.0
2024-01-19,"NY CITY CENTRAL PARK, NY US",32.0,26.0,29.0,0.04,7.38,0.4
2024-01-20,"NY CITY CENTRAL PARK, NY US",26.0,18.0,22.0,0.0,10.74,0.0
2024-01-21,"NY CITY CENTRAL PARK, NY US",31.0,20.0,25.5,0.0,9.17,0.0
2024-01-22,"NY CITY CENTRAL PARK, NY US",38.0,25.0,31.5,0.0,7.16,0.0
2024-01-23,"NY CITY CENTRAL PARK, NY US",40.0,34.0,37.0,0.05,4.92,0.0
2024-01-24,"NY CITY CENTRAL PARK, NY US",48.0,38.0,43.0,0.05,,0.0
2024-01-25,"NY CITY CENTRAL PARK, NY US",59.0,46.0,52.5,0.24,4.25,0.0
2024-01-26,"NY CITY CENTRAL PARK, NY US",46.0,42.0,44.0,0.19,5.59,0.0
2024-01-27,"NY CITY CENTRAL PARK, NY US",49.0,43.0,46.0,0.0,,0.0
2024-01-28,"NY CITY CENTRAL PARK, NY US",44.0,37.0,40.5,0.82,9.4,0.0
2024-01-29,"NY CITY CENTRAL PARK, NY US",40.0,36.0,38.0,0.05,7.61,0.0
2024-01-30,"NY CITY CENTRAL PARK, NY US",38.0,35.0,36.5,0.0,4.7,0.0
2024-01-31,"NY CITY CENTRAL PARK, NY US",40.0,34.0,37.0,0.0,3.58,0.0
2024-02-01,"NY CITY CENTRAL PARK, NY US",46.0,37.0,41.5,0.0,3.8,0.0
2024-02-02,"NY CITY CENTRAL PARK, NY US",46.0,38.0,42.0,0.32,5.82,0.0
2024-02-03,"NY CITY CENTRAL PARK, NY US",43.0,32.0,37.5,0.0,8.28,0.0
2024-02-04,"NY CITY CENTRAL PARK, NY US",46.0,31.0,38.5,0.0,5.14,0.0
2024-02-05,"NY CITY CENTRAL PARK, NY US",45.0,32.0,38.5,0.0,7.38,0.0
2024-02-06,"NY CITY CENTRAL PARK, NY US",42.0,29.0,35.5,0.0,6.71,0.0
2024-02-07,"NY CITY CENTRAL PARK, NY US",48.0,33.0,40.5,0.0,4.25,0.0
2024-02-08,"NY CITY CENTRAL PARK, NY US",53.0,37.0,45.0,0.0,3.13,0.0
2024-02-09,"NY CITY CENTRAL PARK, NY US",55.0,43.0,49.0,0.0,4.25,0.0
2024-02-10,"NY CITY CENTRAL PARK, NY US",60.0,47.0,53.5,0.0,3.13,0.0
2024-02-11,"NY CITY CENTRAL PARK, NY US",56.0,43.0,49.5,0.0,5.82,0.0
2024-02-12,"NY CITY CENTRAL PARK, NY US",48.0,37.0,42.5,0.0,4.25,0.0
2024-02-13,"NY CITY CENTRAL PARK, NY US",41.0,33.0,37.0,0.77,8.5,3.2
2024-02-14,"NY CITY CENTRAL PARK, NY US",38.0,29.0,33.5,0.0,11.41,0.0
2024-02-15,"NY CITY CENTRAL PARK, NY US",39.0,27.0,33.0,0.0,6.04,0.0
2024-02-16,"NY CITY CENTRAL PARK, NY US",43.0,36.0,39.5,0.0,8.28,0.0
2024-02-17,"NY CITY CENTRAL PARK, NY US",36.0,27.0,31.5,0.18,7.61,2.0
2024-02-18,"NY CITY CENTRAL PARK, NY US",40.0,26.0,33.0,0.0,7.16,0.0
2024-02-19,"NY CITY CENTRAL PARK, NY US",41.0,31.0,36.0,0.0,4.92,0.0
2024-02-20,"NY CITY CENTRAL PARK, NY US",40.0,26.0,33.0,0.0,5.37,0.0
2024-02-21,"NY CITY CENTRAL PARK, NY US",43.0,30.0,36.5,0.0,4.7,0.0
2024-02-22,"NY CITY CENTRAL PARK, NY US",45.0,35.0,40.0,0.04,3.8,0.0
2024-02-23,"NY CITY CENTRAL PARK, NY US",47.0,42.0,44.5,0.04,2.91,0.0
2024-02-24,"NY CITY CENTRAL PARK, NY US",44.0,28.0,36.0,0.0,6.49,0.0
2024-02-25,"NY CITY CENTRAL PARK, NY US",41.0,23.0,32.0,0.0,4.25,0.0
2024-02-26,"NY CITY CENTRAL PARK, NY US",55.0,35.0,45.0,0.01,4.47,0.0
2024-02-27,"NY CITY CENTRAL PARK, NY US",55.0,40.0,47.5,0.52,4.92,0.0
2024-02-28,"NY CITY CENTRAL PARK, NY US",62.0,44.0,53.0,0.17,7.61,0.0
2024-02-29,"NY CITY CENTRAL PARK, NY US",43.0,31.0,37.0,0.0,10.07,0.0
2024-03-01,"NY CITY CENTRAL PARK, NY US",48.0,30.0,39.0,0.0,4.25,0.0
2024-03-02,"NY CITY CENTRAL PARK, NY US",55.0,42.0,48.5,1.27,4.47,0.0
2024-03-03,"NY CITY CENTRAL PARK, NY US",68.0,48.0,58.0,0.0,4.25,0.0
2024-03-04,"NY CITY CENTRAL PARK, NY US",59.0,46.0,52.5,0.0,5.82,0.0
2024-03-05,"NY CITY CENTRAL PARK, NY US",49.0,42.0,45.5,0.43,9.17,0.0
2024-03-06,"NY CITY CENTRAL PARK, NY US",53.0,47.0,50.0,1.2,4.7,0.0
2024-03-07,"NY CITY CENTRAL PARK, NY US",54.0,44.0,49.0,0.11,7.83,0.0
2024-03-08,"NY CITY CENTRAL PARK, NY US",57.0,40.0,48.5,0.0,5.14,0.0
2024-03-09,"NY CITY CENTRAL PARK, NY US",49.0,41.0,45.0,1.53,7.38,0.0
2024-03-10,"NY CITY CENTRAL PARK, NY US",51.0,37.0,44.0,0.03,9.62,0.0
2024-03-11,"NY CITY CENTRAL PARK, NY US",52.0,35.0,43.5,0.0,12.75,0.0
2024-03-12,"NY CITY CENTRAL PARK, NY US",66.0,43.0,54.5,0.0,6.04,0.0
2024-03-13,"NY CITY CENTRAL PARK, NY US",62.0,48.0,55.0,0.0,3.58,0.0
2024-03-14,"NY CITY CENTRAL PARK, NY US",74.0,46.0,60.0,0.0,2.46,0.0
2024-03-15,"NY CITY CENTRAL PARK, NY US",73.0,51.0,62.0,0.0,6.71,0.0
2024-03-16,"NY CITY CENTRAL PARK, NY US",61.0,47.0,54.0,0.0,4.47,0.0
2024-03-17,"NY CITY CENTRAL PARK, NY US",63.0,48.0,55.5,0.0,6.71,0.0
2024-03-18,"NY CITY CENTRAL PARK, NY US",51.0,38.0,44.5,0.0,7.38,0.0
2024-03-19,"NY CITY CENTRAL PARK, NY US",48.0,36.0,42.0,0.0,7.61,0.0
2024-03-20,"NY CITY CENTRAL PARK, NY US",57.0,34.0,45.5,0.01,6.71,0.0
2024-03-21,"NY CITY CENTRAL PARK, NY US",43.0,30.0,36.5,0.0,9.17,0.0
2024-03-22,"NY CITY CENTRAL PARK, NY US",46.0,29.0,37.5,0.0,4.92,0.0
2024-03-23,"NY CITY CENTRAL PARK, NY US",50.0,35.0,42.5,3.66,7.16,0.0
2024-03-24,"NY CITY CENTRAL PARK, NY US",48.0,31.0,39.5,0.0,7.83,0.0
2024-03-25,"NY CITY CENTRAL PARK, NY US",53.0,35.0,44.0,0.0,8.72,0.0
2024-03-26,"NY CITY CENTRAL PARK, NY US",53.0,39.0,46.0,0.0,6.04,0.0
2024-03-27,"NY CITY CENTRAL PARK, NY US",52.0,42.0,47.0,0.06,2.68,0.0
2024-03-28,"NY CITY CENTRAL PARK, NY US",51.0,44.0,47.5,0.7,4.7,0.0
2024-03-29,"NY CITY CENTRAL PARK, NY US",56.0,42.0,49.0,0.0,11.18,0.0
2024-03-30,"NY CITY CENTRAL PARK, NY US",62.0,41.0,51.5,0.04,8.5,0.0
2024-03-31,"NY CITY CENTRAL PARK, NY US",62.0,47.0,54.5,0.02,4.47,0.0
2024-04-01,"NY CITY CENTRAL PARK, NY US",54.0,49.0,51.5,0.01,2.91,0.0
2024-04-02,"NY CITY CENTRAL PARK, NY US",51.0,44.0,47.5,0.87,6.93,0.0
2024-04-03,"NY CITY CENTRAL PARK, NY US",45.0,41.0,43.0,1.55,14.09,0.0
2024-04-04,"NY CITY CENTRAL PARK, NY US",53.0,37.0,45.0,0.21,6.71,0.0
2024-04-05,"NY CITY CENTRAL PARK, NY US",50.0,38.0,44.0,0.0,8.05,0.0
2024-04-06,"NY CITY CENTRAL PARK, NY US",54.0,42.0,48.0,0.0,7.61,0.0
2024-04-07,"NY CITY CENTRAL PARK, NY US",60.0,43.0,51.5,0.0,6.49,0.0
2024-04-08,"NY CITY CENTRAL PARK, NY US",69.0,43.0,56.0,0.0,2.24,0.0
2024-04-09,"NY CITY CENTRAL PARK, NY US",80.0,55.0,67.5,0.0,2.91,0.0
2024-04-10,"NY CITY CENTRAL PARK, NY US",67.0,51.0,59.0,0.0,6.71,0.0
2024-04-11,"NY CITY CENTRAL PARK, NY US",61.0,50.0,55.5,0.24,6.26,0.0
2024-04-12,"NY CITY CENTRAL PARK, NY US",63.0,56.0,59.5,0.34,8.95,0.0
2024-04-13,"NY CITY CENTRAL PARK, NY US",56.0,47.0,51.5,0.01,11.63,0.0
2024-04-14,"NY CITY CENTRAL PARK, NY US",75.0,48.0,61.5,0.1,4.92,0.0
2024-04-15,"NY CITY CENTRAL PARK, NY US",82.0,58.0,70.0,0.0,5.37,0.0
2024-04-16,"NY CITY CENTRAL PARK, NY US",73.0,54.0,63.5,0.0,4.25,0.0
2024-04-17,"NY CITY CENTRAL PARK, NY US",62.0,50.0,56.0,0.02,6.93,0.0
2024-04-18,"NY CITY CENTRAL PARK, NY US",50.0,45.0,47.5,0.01,10.74,0.0
2024-04-19,"NY CITY CENTRAL PARK, NY US",60.0,46.0,53.0,0.0,5.14,0.0
2024-04-20,"NY CITY CENTRAL PARK, NY US",71.0,47.0,59.0,0.05,4.25,0.0
2024-04-21,"NY CITY CENTRAL PARK, NY US",54.0,42.0,48.0,0.0,5.37,0.0
2024-04-22,"NY CITY CENTRAL PARK, NY US",64.0,42.0,53.0,0.0,4.03,0.0
2024-04-23,"NY CITY CENTRAL PARK, NY US",65.0,46.0,55.5,0.0,4.92,0.0
2024-04-24,"NY CITY CENTRAL PARK, NY US",74.0,50.0,62.0,0.0,4.92,0.0
2024-04-25,"NY CITY CENTRAL PARK, NY US",60.0,43.0,51.5,0.0,5.59,0.0
2024-04-26,"NY CITY CENTRAL PARK, NY US",65.0,43.0,54.0,0.0,4.47,0.0
2024-04-27,"NY CITY CENTRAL PARK, NY US",64.0,46.0,55.0,0.0,3.13,0.0
2024-04-28,"NY CITY CENTRAL PARK, NY US",79.0,52.0,65.5,0.01,1.34,0.0
2024-04-29,"NY CITY CENTRAL PARK, NY US",87.0,63.0,75.0,0.02,3.36,0.0
2024-04-30,"NY CITY CENTRAL PARK, NY US",66.0,52.0,59.0,0.03,7.38,0.0
2024-05-01,"NY CITY CENTRAL PARK, NY US",80.0,53.0,66.5,0.02,2.91,0.0
2024-05-02,"NY CITY CENTRAL PARK, NY US",79.0,53.0,66.0,0.0,3.58,0.0
2024-05-03,"NY CITY CENTRAL PARK, NY US",65.0,52.0,58.5,0.0,5.37,0.0
2024-05-04,"NY CITY CENTRAL PARK, NY US",63.0,49.0,56.0,0.0,4.92,0.0
2024-05-05,"NY CITY CENTRAL PARK, NY US",54.0,49.0,51.5,0.31,4.7,0.0
2024-05-06,"NY CITY CENTRAL PARK, NY US",74.0,53.0,63.5,0.0,2.24,0.0
2024-05-07,"NY CITY CENTRAL PARK, NY US",80.0,59.0,69.5,0.0,3.36,0.0
2024-05-08,"NY CITY CENTRAL PARK, NY US",84.0,65.0,74.5,0.21,3.8,0.0
2024-05-09,"NY CITY CENTRAL PARK, NY US",70.0,56.0,63.0,0.0,5.82,0.0
2024-05-10,"NY CITY CENTRAL PARK, NY US",56.0,48.0,52.0,0.23,6.04,0.0
2024-05-11,"NY CITY CENTRAL PARK, NY US",64.0,47.0,55.5,0.0,3.13,0.0
2024-05-12,"NY CITY CENTRAL PARK, NY US",57.0,48.0,52.5,0.15,2.68,0.0
2024-05-13,"NY CITY CENTRAL PARK, NY US",65.0,49.0,57.0,0.0,3.8,0.0
2024-05-14,"NY CITY CENTRAL PARK, NY US",72.0,55.0,63.5,0.03,1.79,0.0
2024-05-15,"NY CITY CENTRAL PARK, NY US",64.0,59.0,61.5,0.28,7.61,0.0
2024-05-16,"NY CITY CENTRAL PARK, NY US",64.0,59.0,61.5,0.27,8.28,0.0
2024-05-17,"NY CITY CENTRAL PARK, NY US",72.0,58.0,65.0,0.0,4.47,0.0
2024-05-18,"NY CITY CENTRAL PARK, NY US",69.0,59.0,64.0,0.04,3.8,0.0
2024-05-19,"NY CITY CENTRAL PARK, NY US",75.0,56.0,65.5,0.0,4.25,0.0
2024-05-20,"NY CITY CENTRAL PARK, NY US",74.0,55.0,64.5,0.0,3.58,0.0
2024-05-21,"NY CITY CENTRAL PARK, NY US",83.0,58.0,70.5,0.0,2.91,0.0
2024-05-22,"NY CITY CENTRAL PARK, NY US",84.0,67.0,75.5,0.0,5.14,0.0
2024-05-23,"NY CITY CENTRAL PARK, NY US",79.0,67.0,73.0,0.78,2.91,0.0
2024-05-24,"NY CITY CENTRAL PARK, NY US",84.0,68.0,76.0,0.0,2.46,0.0
2024-05-25,"NY CITY CENTRAL PARK, NY US",81.0,66.0,73.5,0.0,2.46,0.0
2024-05-26,"NY CITY CENTRAL PARK, NY US",82.0,65.0,73.5,0.0,2.91,0.0
2024-05-27,"NY CITY CENTRAL PARK, NY US",73.0,66.0,69.5,0.96,2.91,0.0
2024-05-28,"NY CITY CENTRAL PARK, NY US",79.0,65.0,72.0,0.0,6.49,0.0
2024-05-29,"NY CITY CENTRAL PARK, NY US",76.0,60.0,68.0,0.65,3.58,0.0
2024-05-30,"NY CITY CENTRAL PARK, NY US",71.0,57.0,64.0,0.18,4.92,0.0
2024-05-31,"NY CITY CENTRAL PARK, NY US",75.0,59.0,67.0,0.0,4.47,0.0
2024-06-01,"NY CITY CENTRAL PARK, NY US",83.0,60.0,71.5,0.0,2.91,0.0
2024-06-02,"NY CITY CENTRAL PARK, NY US",81.0,67.0,74.0,0.0,2.46,0.0
2024-06-03,"NY CITY CENTRAL PARK, NY US",86.0,72.0,79.0,0.0,2.91,0.0
2024-06-04,"NY CITY CENTRAL PARK, NY US",79.0,65.0,72.0,0.0,2.91,0.0
2024-06-05,"NY CITY CENTRAL PARK, NY US",79.0,65.0,72.0,0.0,2.46,0.0
2024-06-06,"NY CITY CENTRAL PARK, NY US",81.0,68.0,74.5,0.77,2.01,0.0
2024-06-07,"NY CITY CENTRAL PARK, NY US",82.0,66.0,74.0,0.0,3.36,0.0
2024-06-08,"NY CITY CENTRAL PARK, NY US",76.0,63.0,69.5,0.0,5.59,0.0
2024-06-09,"NY CITY CENTRAL PARK, NY US",74.0,65.0,69.5,0.0,4.92,0.0
2024-06-10,"NY CITY CENTRAL PARK, NY US",75.0,62.0,68.5,0.0,6.04,0.0
2024-06-11,"NY CITY CENTRAL PARK, NY US",73.0,59.0,66.0,0.0,3.13,0.0
2024-06-12,"NY CITY CENTRAL PARK, NY US",76.0,61.0,68.5,0.0,2.24,0.0
2024-06-13,"NY CITY CENTRAL PARK, NY US",84.0,65.0,74.5,0.0,3.13,0.0
2024-06-14,"NY CITY CENTRAL PARK, NY US",85.0,65.0,75.0,0.28,3.36,0.0
2024-06-15,"NY CITY CENTRAL PARK, NY US",80.0,65.0,72.5,0.0,3.58,0.0
2024-06-16,"NY CITY CENTRAL PARK, NY US",78.0,63.0,70.5,0.0,5.14,0.0
2024-06-17,"NY CITY CENTRAL PARK, NY US",83.0,65.0,74.0,0.0,2.91,0.0
2024-06-18,"NY CITY CENTRAL PARK, NY US",86.0,71.0,78.5,0.0,3.13,0.0
2024-06-19,"NY CITY CENTRAL PARK, NY US",89.0,72.0,80.5,0.0,2.46,0.0
2024-06-20,"NY CITY CENTRAL PARK, NY US",91.0,72.0,81.5,0.0,3.36,0.0
2024-06-21,"NY CITY CENTRAL PARK, NY US",94.0,76.0,85.0,0.0,3.58,0.0
2024-06-22,"NY CITY CENTRAL PARK, NY US",93.0,75.0,84.0,0.11,0.89,0.0
2024-06-23,"NY CITY CENTRAL PARK, NY US",92.0,73.0,82.5,0.0,,0.0
2024-06-24,"NY CITY CENTRAL PARK, NY US",80.0,72.0,76.0,0.0,,0.0
2024-06-25,"NY CITY CENTRAL PARK, NY US",90.0,69.0,79.5,0.0,4.25,0.0
2024-06-26,"NY CITY CENTRAL PARK, NY US",93.0,70.0,81.5,0.08,4.03,0.0
2024-06-27,"NY CITY CENTRAL PARK, NY US",84.0,67.0,75.5,0.23,5.82,0.0
2024-06-28,"NY CITY CENTRAL PARK, NY US",79.0,64.0,71.5,0.0,3.58,0.0
2024-06-29,"NY CITY CENTRAL PARK, NY US",79.0,66.0,72.5,0.06,4.25,0.0
2024-06-30,"NY CITY CENTRAL PARK, NY US",85.0,70.0,77.5,0.18,4.92,0.0
2024-07-01,"NY CITY CENTRAL PARK, NY US",81.0,64.0,72.5,0.0,6.04,0.0
2024-07-02,"NY CITY CENTRAL PARK, NY US",86.0,66.0,76.0,0.0,3.13,0.0
2024-07-03,"NY CITY CENTRAL PARK, NY US",83.0,69.0,76.0,0.0,3.8,0.0
2024-07-04,"NY CITY CENTRAL PARK, NY US",89.0,70.0,79.5,0.04,2.91,0.0
2024-07-05,"NY CITY CENTRAL PARK, NY US",90.0,74.0,82.0,0.1,1.57,0.0
2024-07-06,"NY CITY CENTRAL PARK, NY US",92.0,73.0,82.5,0.05,1.34,0.0
2024-07-07,"NY CITY CENTRAL PARK, NY US",93.0,79.0,86.0,0.0,4.03,0.0
2024-07-08,"NY CITY CENTRAL PARK, NY US",95.0,77.0,86.0,0.0,2.01,0.0
2024-07-09,"NY CITY CENTRAL PARK, NY US",89.0,75.0,82.0,0.0,2.24,0.0
2024-07-10,"NY CITY CENTRAL PARK, NY US",91.0,78.0,84.5,0.0,3.13,0.0
2024-07-11,"NY CITY CENTRAL PARK, NY US",89.0,75.0,82.0,0.11,4.7,0.0
2024-07-12,"NY CITY CENTRAL PARK, NY US",84.0,72.0,78.0,0.06,1.34,0.0
2024-07-13,"NY CITY CENTRAL PARK, NY US",87.0,72.0,79.5,2.06,1.57,0.0
2024-07-14,"NY CITY CENTRAL PARK, NY US",90.0,75.0,82.5,0.0,2.46,0.0
2024-07-15,"NY CITY CENTRAL PARK, NY US",91.0,73.0,82.0,0.12,2.46,0.0
2024-07-16,"NY CITY CENTRAL PARK, NY US",94.0,78.0,86.0,0.0,3.8,0.0
2024-07-17,"NY CITY CENTRAL PARK, NY US",90.0,72.0,81.0,1.46,2.91,0.0
2024-07-18,"NY CITY CENTRAL PARK, NY US",86.0,72.0,79.0,0.0,2.68,0.0
2024-07-19,"NY CITY CENTRAL PARK, NY US",83.0,67.0,75.0,0.0,2.91,0.0
2024-07-20,"NY CITY CENTRAL PARK, NY US",83.0,71.0,77.0,0.0,2.01,0.0
2024-07-21,"NY CITY CENTRAL PARK, NY US",88.0,73.0,80.5,0.0,2.68,0.0
2024-07-22,"NY CITY CENTRAL PARK, NY US",84.0,71.0,77.5,0.01,2.68,0.0
2024-07-23,"NY CITY CENTRAL PARK, NY US",81.0,71.0,76.0,0.11,4.03,0.0
2024-07-24,"NY CITY CENTRAL PARK, NY US",81.0,73.0,77.0,0.0,4.25,0.0
2024-07-25,"NY CITY CENTRAL PARK, NY US",83.0,72.0,77.5,0.0,2.91,0.0
2024-07-26,"NY CITY CENTRAL PARK, NY US",84.0,67.0,75.5,0.0,5.14,0.0
2024-07-27,"NY CITY CENTRAL PARK, NY US",87.0,69.0,78.0,0.0,3.58,0.0
2024-07-28,"NY CITY CENTRAL PARK, NY US",89.0,70.0,79.5,0.0,3.8,0.0
2024-07-29,"NY CITY CENTRAL PARK, NY US",84.0,68.0,76.0,0.05,2.91,0.0
2024-07-30,"NY CITY CENTRAL PARK, NY US",88.0,75.0,81.5,0.0,2.91,0.0
2024-07-31,"NY CITY CENTRAL PARK, NY US",89.0,73.0,81.0,0.03,3.36,0.0
2024-08-01,"NY CITY CENTRAL PARK, NY US",95.0,76.0,85.5,0.0,2.01,0.0
2024-08-02,"NY CITY CENTRAL PARK, NY US",92.0,74.0,83.0,0.52,2.46,0.0
2024-08-03,"NY CITY CENTRAL PARK, NY US",93.0,73.0,83.0,0.73,4.03,0.0
2024-08-04,"NY CITY CENTRAL PARK, NY US",83.0,71.0,77.0,0.17,3.13,0.0
2024-08-05,"NY CITY CENTRAL PARK, NY US",90.0,73.0,81.5,0.0,2.68,0.0
2024-08-06,"NY CITY CENTRAL PARK, NY US",90.0,72.0,81.0,2.08,3.36,0.0
2024-08-07,"NY CITY CENTRAL PARK, NY US",72.0,64.0,68.0,0.13,8.28,0.0
2024-08-08,"NY CITY CENTRAL PARK, NY US",70.0,65.0,67.5,0.36,7.16,0.0
2024-08-09,"NY CITY CENTRAL PARK, NY US",80.0,70.0,75.0,0.11,6.04,0.0
2024-08-10,"NY CITY CENTRAL PARK, NY US",85.0,73.0,79.0,0.0,4.47,0.0
2024-08-11,"NY CITY CENTRAL PARK, NY US",80.0,69.0,74.5,0.0,2.91,0.0
2024-08-12,"NY CITY CENTRAL PARK, NY US",81.0,66.0,73.5,0.0,3.36,0.0
2024-08-13,"NY CITY CENTRAL PARK, NY US",81.0,64.0,72.5,0.0,3.58,0.0
2024-08-14,"NY CITY CENTRAL PARK, NY US",85.0,67.0,76.0,0.0,3.13,0.0
2024-08-15,"NY CITY CENTRAL PARK, NY US",86.0,68.0,77.0,0.0,0.89,0.0
2024-08-16,"NY CITY CENTRAL PARK, NY US",87.0,70.0,78.5,0.0,3.13,0.0
2024-08-17,"NY CITY CENTRAL PARK, NY US",79.0,67.0,73.0,0.04,3.58,0.0
2024-08-18,"NY CITY CENTRAL PARK, NY US",81.0,69.0,75.0,2.29,3.13,0.0
2024-08-19,"NY CITY CENTRAL PARK, NY US",84.0,68.0,76.0,0.25,2.91,0.0
2024-08-20,"NY CITY CENTRAL PARK, NY US",72.0,61.0,66.5,0.0,5.82,0.0
2024-08-21,"NY CITY CENTRAL PARK, NY US",73.0,57.0,65.0,0.0,5.82,0.0
2024-08-22,"NY CITY CENTRAL PARK, NY US",76.0,59.0,67.5,0.0,3.36,0.0
2024-08-23,"NY CITY CENTRAL PARK, NY US",80.0,62.0,71.0,0.0,2.68,0.0
2024-08-24,"NY CITY CENTRAL PARK, NY US",83.0,65.0,74.0,0.0,1.34,0.0
2024-08-25,"NY CITY CENTRAL PARK, NY US",85.0,68.0,76.5,0.0,2.68,0.0
2024-08-26,"NY CITY CENTRAL PARK, NY US",85.0,69.0,77.0,0.04,2.24,0.0
2024-08-27,"NY CITY CENTRAL PARK, NY US",86.0,67.0,76.5,0.0,2.46,0.0
2024-08-28,"NY CITY CENTRAL PARK, NY US",91.0,74.0,82.5,0.0,4.92,0.0
2024-08-29,"NY CITY CENTRAL PARK, NY US",82.0,70.0,76.0,0.0,6.49,0.0
2024-08-30,"NY CITY CENTRAL PARK, NY US",74.0,61.0,67.5,0.3,5.37,0.0
2024-08-31,"NY CITY CENTRAL PARK, NY US",77.0,67.0,72.0,0.0,2.01,0.0
2024-09-01,"NY CITY CENTRAL PARK, NY US",81.0,73.0,77.0,0.0,2.68,0.0
2024-09-02,"NY CITY CENTRAL PARK, NY US",79.0,63.0,71.0,0.0,4.47,0.0
2024-09-03,"NY CITY CENTRAL PARK, NY US",74.0,58.0,66.0,0.0,4.03,0.0
2024-09-04,"NY CITY CENTRAL PARK, NY US",77.0,59.0,68.0,0.0,2.01,0.0
2024-09-05,"NY CITY CENTRAL PARK, NY US",77.0,61.0,69.0,0.0,4.47,0.0
2024-09-06,"NY CITY CENTRAL PARK, NY US",78.0,63.0,70.5,0.0,3.36,0.0
2024-09-07,"NY CITY CENTRAL PARK, NY US",76.0,59.0,67.5,0.24,3.36,0.0
2024-09-08,"NY CITY CENTRAL PARK, NY US",69.0,55.0,62.0,0.0,4.92,0.0
2024-09-09,"NY CITY CENTRAL PARK, NY US",75.0,55.0,65.0,0.0,2.46,0.0
2024-09-10,"NY CITY CENTRAL PARK, NY US",78.0,62.0,70.0,0.0,4.25,0.0
2024-09-11,"NY CITY CENTRAL PARK, NY US",79.0,59.0,69.0,0.0,2.24,0.0
2024-09-12,"NY CITY CENTRAL PARK, NY US",80.0,62.0,71.0,0.0,1.79,0.0
2024-09-13,"NY CITY CENTRAL PARK, NY US",82.0,63.0,72.5,0.0,1.34,0.0
2024-09-14,"NY CITY CENTRAL PARK, NY US",83.0,65.0,74.0,0.0,2.68,0.0
2024-09-15,"NY CITY CENTRAL PARK, NY US",80.0,63.0,71.5,0.0,4.7,0.0
2024-09-16,"NY CITY CENTRAL PARK, NY US",77.0,60.0,68.5,0.0,5.14,0.0
2024-09-17,"NY CITY CENTRAL PARK, NY US",79.0,65.0,72.0,0.0,4.7,0.0
2024-09-18,"NY CITY CENTRAL PARK, NY US",75.0,67.0,71.0,0.0,6.49,0.0
2024-09-19,"NY CITY CENTRAL PARK, NY US",84.0,67.0,75.5,0.0,5.37,0.0
2024-09-20,"NY CITY CENTRAL PARK, NY US",81.0,67.0,74.0,0.0,6.71,0.0
2024-09-21,"NY CITY CENTRAL PARK, NY US",79.0,63.0,71.0,0.0,6.71,0.0
2024-09-22,"NY CITY CENTRAL PARK, NY US",74.0,61.0,67.5,0.0,6.04,0.0
2024-09-23,"NY CITY CENTRAL PARK, NY US",67.0,59.0,63.0,0.04,5.82,0.0
2024-09-24,"NY CITY CENTRAL PARK, NY US",68.0,59.0,63.5,0.0,5.59,0.0
2024-09-25,"NY CITY CENTRAL PARK, NY US",68.0,62.0,65.0,0.0,4.92,0.0
2024-09-26,"NY CITY CENTRAL PARK, NY US",74.0,64.0,69.0,0.08,2.01,0.0
2024-09-27,"NY CITY CENTRAL PARK, NY US",74.0,63.0,68.5,0.18,4.03,0.0
2024-09-28,"NY CITY CENTRAL PARK, NY US",68.0,61.0,64.5,0.26,8.72,0.0
2024-09-29,"NY CITY CENTRAL PARK, NY US",63.0,60.0,61.5,0.78,5.82,0.0
2024-09-30,"NY CITY CENTRAL PARK, NY US",72.0,60.0,66.0,0.0,5.14,0.0
2024-10-01,"NY CITY CENTRAL PARK, NY US",69.0,60.0,64.5,0.0,6.26,0.0
2024-10-02,"NY CITY CENTRAL PARK, NY US",68.0,58.0,63.0,0.0,4.25,0.0
2024-10-03,"NY CITY CENTRAL PARK, NY US",72.0,62.0,67.0,0.0,0.89,0.0
2024-10-04,"NY CITY CENTRAL PARK, NY US",73.0,60.0,66.5,0.0,1.12,0.0
2024-10-05,"NY CITY CENTRAL PARK, NY US",75.0,61.0,68.0,0.0,4.25,0.0
2024-10-06,"NY CITY CENTRAL PARK, NY US",71.0,55.0,63.0,0.0,2.46,0.0
2024-10-07,"NY CITY CENTRAL PARK, NY US",75.0,58.0,66.5,0.0,5.59,0.0
2024-10-08,"NY CITY CENTRAL PARK, NY US",68.0,53.0,60.5,0.0,2.91,0.0
2024-10-09,"NY CITY CENTRAL PARK, NY US",68.0,54.0,61.0,0.0,3.58,0.0
2024-10-10,"NY CITY CENTRAL PARK, NY US",62.0,49.0,55.5,0.0,6.26,0.0
2024-10-11,"NY CITY CENTRAL PARK, NY US",68.0,46.0,57.0,0.0,4.25,0.0
2024-10-12,"NY CITY CENTRAL PARK, NY US",74.0,56.0,65.0,0.0,4.92,0.0
2024-10-13,"NY CITY CENTRAL PARK, NY US",69.0,55.0,62.0,0.0,4.92,0.0
2024-10-14,"NY CITY CENTRAL PARK, NY US",66.0,48.0,57.0,0.0,6.04,0.0
2024-10-15,"NY CITY CENTRAL PARK, NY US",57.0,45.0,51.0,0.0,5.82,0.0
2024-10-16,"NY CITY CENTRAL PARK, NY US",59.0,44.0,51.5,0.0,,0.0
